Tanggal,Pemasukan,Pengeluaran,Net_Income
2020-01-01,533650.6742716376,261709.86443256208,271940.8098390755
2020-01-02,522646.46090012183,343257.25168839854,179389.2092117233
2020-01-03,510077.50087530166,278691.75240408117,231385.7484712205
2020-01-04,517153.0043788254,287106.8302894477,230046.17408937775
2020-01-05,476311.130498591,308548.77238595457,167762.35811263643
2020-01-06,532737.2931361292,295801.5640486614,236935.72908746777
2020-01-07,479509.5827206061,287684.46793224337,191825.11478836276
2020-01-08,498368.76836218726,247468.6589011622,250900.10946102504
2020-01-09,450257.84730969946,271507.9964215041,178749.85088819533
2020-01-10,514868.38956028235,290756.8325139708,224111.55704631156
2020-01-11,535142.061934998,227907.92433230102,307234.137602697
2020-01-12,460797.49722156103,280211.1656936758,180586.33152788522
2020-01-13,459623.66733801755,328736.3409795233,130887.32635849423
2020-01-14,509925.52280045755,249642.70282626915,260282.8199741884
2020-01-15,457618.09151363646,372829.082579712,84789.00893392449
2020-01-16,549425.454396166,376995.1961485284,172430.2582476376
2020-01-17,505726.02236036124,247094.81822987675,258631.2041304845
2020-01-18,499349.3952909027,371218.7956618517,128130.599629051
2020-01-19,460071.72648853855,289483.10655504855,170588.61993349
2020-01-20,494445.56929522747,311573.38092997175,182872.18836525572
2020-01-21,560899.255928918,261652.9143750514,299246.34155386663
2020-01-22,526321.629512586,331152.24136133806,195169.388151248
2020-01-23,492721.77042128146,306790.1679238971,185931.60249738436
2020-01-24,556717.8607398877,249939.99014223882,306777.8705976489
2020-01-25,502464.9596372004,238402.08599239084,264062.8736448096
2020-01-26,535981.5321947222,230322.6922488836,305658.8399458386
2020-01-27,508263.3776569108,318749.43584951886,189513.94180739194
2020-01-28,399767.75352347374,342138.1036075231,57629.649915950664
2020-01-29,473713.22744970536,347548.28393897205,126164.94351073331
2020-01-30,547940.7890741483,307615.4782881674,240325.3107859809
2020-01-31,528157.8654490829,251502.5242446628,276655.3412044201
2020-02-01,482211.5716935814,269234.07410815556,212977.49758542585
2020-02-02,476698.20139667013,354279.6179387516,122418.58345791855
2020-02-03,427834.8910988876,266416.2247421149,161418.6663567727
2020-02-04,486369.7059714229,293656.3485155375,192713.3574558854
2020-02-05,571115.2123284182,231217.47582125562,339897.73650716257
2020-02-06,544716.1382206455,303314.61925441545,241401.51896623004
2020-02-07,590279.5614299742,267763.4248881651,322516.1365418091
2020-02-08,540355.0669281053,348997.82167944347,191357.24524866184
2020-02-09,527489.1712716543,342015.6993196854,185473.4719519689
2020-02-10,545203.2544435088,284567.04969913606,260636.20474437275
2020-02-11,501297.70648707054,307181.3316511531,194116.37483591744
2020-02-12,500136.6050123278,287444.1879979686,212692.4170143592
2020-02-13,552506.7661069251,242542.8731912858,309963.8929156393
2020-02-14,569141.162617567,266480.22555052023,302660.93706704676
2020-02-15,500443.1190626288,313248.6803953857,187194.43866724306
2020-02-16,475976.62261046167,312925.1609021344,163051.4617083273
2020-02-17,491105.4788936735,298075.04815175093,193030.43074192258
2020-02-18,515883.67882434267,271398.8142835319,244484.86454081075
2020-02-19,530655.0602269701,331653.3302860493,199001.72994092084
2020-02-20,479760.91671222576,289662.5622095106,190098.35450271517
2020-02-21,583833.0416253991,325810.34437691636,258022.6972484828
2020-02-22,496566.0145716784,207973.4293805294,288592.58519114903
2020-02-23,490630.6492835942,107217.80142842763,383412.8478551666
2020-02-24,460819.0712307015,323541.748419785,137277.32281091652
2020-02-25,572847.4820040945,242276.25033246182,330571.23167163273
2020-02-26,514933.3529853513,304377.4148643472,210555.9381210041
2020-02-27,497915.5964069958,298409.680967306,199505.91543968976
2020-02-28,553361.470221962,388722.37714865786,164639.0930733041
2020-02-29,539833.9399424741,323337.641656525,216496.2982859491
2020-03-01,493909.69259244425,304955.13733058894,188954.5552618553
2020-03-02,514075.8075234267,332497.21070380264,181578.59681962407
2020-03-03,468097.76221064496,304910.34632341564,163187.41588722932
2020-03-04,493842.58873782377,262116.15035057836,231726.4383872454
2020-03-05,464097.2533000499,340059.2634941917,124037.98980585823
2020-03-06,488684.1353060907,235160.14657770528,253523.98872838542
2020-03-07,571947.6948428827,312824.5453673334,259123.1494755493
2020-03-08,549743.2662410992,225959.3243025291,323783.9419385701
2020-03-09,491790.16970898304,319549.5399036808,172240.62980530225
2020-03-10,543703.368560855,323164.0151071828,220539.35345367226
2020-03-11,504786.8064976412,398822.7480957331,105964.05840190809
2020-03-12,518060.3479695836,235265.83834644733,282794.50962313625
2020-03-13,531056.8913962333,279307.9882351904,251748.90316104295
2020-03-14,514930.0269226444,344471.935338052,170458.09158459242
2020-03-15,495003.4218122133,313428.04881052073,181575.37300169258
2020-03-16,525077.3575735899,299662.9055389942,225414.4520345957
2020-03-17,499278.3988734351,238678.68183353677,260599.71703989833
2020-03-18,531922.3981384936,255459.08259542854,276463.3155430651
2020-03-19,557262.9769145298,348737.51739262656,208525.45952190325
2020-03-20,541966.0499214976,288072.1932844226,253893.85663707496
2020-03-21,490528.43911469314,315430.17079787893,175098.2683168142
2020-03-22,461832.2389596867,297578.3975705207,164253.84138916602
2020-03-23,496197.73751291144,250198.0712653927,245999.66624751873
2020-03-24,490595.54421959,360205.0543222861,130390.48989730392
2020-03-25,514128.5921826721,340161.61922662484,173966.97295604728
2020-03-26,526798.8440883413,428796.37488689576,98002.46920144558
2020-03-27,608786.5899664417,258573.27804535377,350213.31192108797
2020-03-28,480688.69533228927,344466.4600693688,136222.23526292044
2020-03-29,443678.73164356337,231084.98768880533,212593.74395475804
2020-03-30,502664.5275838696,298514.9813557729,204149.5462280967
2020-03-31,485399.4608362811,335310.79643462197,150088.66440165916
2020-04-01,521947.7895165558,181393.24419517565,340554.54532138014
2020-04-02,545755.8600439079,276238.8432693833,269517.0167745246
2020-04-03,570761.4251264007,262487.16626998794,308274.2588564127
2020-04-04,476337.6124996002,261564.32107589918,214773.29142370104
2020-04-05,487634.48691207083,322598.4466223124,165036.0402897584
2020-04-06,506514.9644542933,365386.63234901073,141128.33210528258
2020-04-07,520764.9494541328,306850.59725707845,213914.35219705437
2020-04-08,579228.1440428981,325274.321378001,253953.82266489707
2020-04-09,557869.3926183931,319229.9706714987,238639.42194689438
2020-04-10,531493.5305040345,309442.5223457017,222051.00815833278
2020-04-11,495800.21863242745,248870.68212373936,246929.5365086881
2020-04-12,488366.23237580433,352084.4160768,136281.81629900436
2020-04-13,476829.9461087462,305407.42138006084,171422.52472868538
2020-04-14,518266.9545485181,306229.5414815925,212037.4130669256
2020-04-15,522093.4850114106,244674.5185487209,277418.9664626897
2020-04-16,490447.69046930067,263524.4470820017,226923.24338729895
2020-04-17,521079.0484174988,281840.94308658,239238.1053309188
2020-04-18,549798.621933839,219955.9513182127,329842.6706156264
2020-04-19,516803.7027161859,218936.09774946072,297867.60496672516
2020-04-20,512629.2733874316,279314.95049595257,233314.322891479
2020-04-21,511056.50110441213,339640.5713406558,171415.92976375634
2020-04-22,564135.3877916904,282343.13050350297,281792.25728818745
2020-04-23,538197.3736188861,262574.27313900064,275623.10047988547
2020-04-24,523534.31266367994,268618.0643659975,254916.24829768244
2020-04-25,496958.44820587855,280570.69285207905,216387.7553537995
2020-04-26,514701.0199228444,278969.23784965015,235731.78207319428
2020-04-27,423307.7185733849,398923.7255824468,24383.99299093813
2020-04-28,494999.0838573018,339216.49840582965,155782.58545147214
2020-04-29,510126.17406537314,336238.7056140864,173887.46845128672
2020-04-30,491140.8602052255,344914.48519513273,146226.37501009274
2020-05-01,508225.92554970994,240706.60950541656,267519.31604429334
2020-05-02,549679.7294539218,235543.9552412933,314135.7742126285
2020-05-03,515092.9927583911,247994.29943264177,267098.6933257493
2020-05-04,500541.39313744643,376077.65369477286,124463.73944267357
2020-05-05,510677.0840398328,286154.9435744117,224522.14046542114
2020-05-06,520039.10161107033,252432.19088803566,267606.91072303464
2020-05-07,570319.7668090826,291964.72300754563,278355.04380153696
2020-05-08,540735.6802700885,297422.07044214965,243313.60982793884
2020-05-09,482602.5142445012,316758.4776940729,165844.0365504283
2020-05-10,558034.4433419635,309209.7370262575,248824.70631570596
2020-05-11,509556.8552556809,249238.6247784436,260318.23047723732
2020-05-12,484767.9502076093,320768.2866071493,163999.66360046
2020-05-13,480617.1265333413,253040.3233124921,227576.8032208492
2020-05-14,545870.2206616636,278671.65014621156,267198.570515452
2020-05-15,534476.5487793367,324986.3564972867,209490.19228205003
2020-05-16,574532.2153496246,264571.1157934383,309961.09955618635
2020-05-17,499712.23008531524,274870.24283028784,224841.9872550274
2020-05-18,474284.12765493063,338935.7495125375,135348.37814239314
2020-05-19,530278.3527881281,270627.87418828526,259650.4785998428
2020-05-20,546936.5389732856,295760.39881979645,251176.14015348913
2020-05-21,540011.239170817,341301.641920681,198709.59725013596
2020-05-22,559241.3244684044,412056.9690996798,147184.35536872462
2020-05-23,527136.1022559744,333608.0392474821,193528.06300849235
2020-05-24,518064.30564518657,320294.1741401559,197770.13150503067
2020-05-25,535314.1819319115,317187.7321557555,218126.449776156
2020-05-26,523122.92037128424,232825.9532781113,290296.96709317295
2020-05-27,515058.75315139117,290779.8369339954,224278.91621739574
2020-05-28,576481.4786298848,284997.14256464364,291484.33606524114
2020-05-29,468963.8559640007,306726.87999075674,162236.97597324394
2020-05-30,590787.819330489,302487.5886144487,288300.23071604036
2020-05-31,460828.4838777761,322322.7978802004,138505.6859975757
2020-06-01,482510.57482141384,293778.98728292086,188731.58753849298
2020-06-02,504094.7484043762,316444.97888712585,187649.76951725036
2020-06-03,516701.4702891142,253608.5716971504,263092.8985919638
2020-06-04,567061.8375624861,297519.1691183906,269542.66844409547
2020-06-05,509133.32269902807,378894.0244367132,130239.29826231487
2020-06-06,538007.5286219118,319278.2309907576,218729.2976311542
2020-06-07,495619.79788749444,295616.13412150135,200003.6637659931
2020-06-08,511136.4930542942,385453.81678483635,125682.67626945785
2020-06-09,504338.0107758811,218443.71806640975,285894.29270947137
2020-06-10,524842.864101037,229527.222227689,295315.64187334804
2020-06-11,521330.66549734777,372121.0375452773,149209.6279520705
2020-06-12,526525.4068640418,292945.6997745655,233579.7070894763
2020-06-13,539761.6036278316,284533.0341761655,255228.56945166603
2020-06-14,542236.5301163578,243377.59775456245,298858.9323617954
2020-06-15,485292.78775782534,331737.16034763167,153555.62741019367
2020-06-16,481177.05634221924,340737.5264949094,140439.5298473098
2020-06-17,541417.5036002919,260275.2819582552,281142.2216420367
2020-06-18,537812.1977891367,306500.7537410149,231311.44404812175
2020-06-19,567701.1734960916,292576.5554262276,275124.618069864
2020-06-20,504928.41591546324,316136.6713302833,188791.74458517996
2020-06-21,461500.80129056243,240699.67387962312,220801.1274109393
2020-06-22,488209.9494385599,353245.025697777,134964.9237407829
2020-06-23,485208.40851104487,332276.65606134397,152931.7524497009
2020-06-24,521608.9507373165,266841.2220633592,254767.7286739573
2020-06-25,520640.86226234434,275664.531399545,244976.3308627993
2020-06-26,565975.6421261956,283826.5454582383,282149.0966679573
2020-06-27,524416.7285535112,257746.75834033015,266669.97021318105
2020-06-28,520357.10812607134,281166.34309759294,239190.7650284784
2020-06-29,509888.0127561672,295838.8286441505,214049.1841120167
2020-06-30,515006.54367095005,394157.95155389264,120848.59211705741
2020-07-01,524207.63353566546,362330.91541652184,161876.71811914362
2020-07-02,556023.1435123549,360247.26838536747,195775.87512698746
2020-07-03,520834.3836809171,327848.62767810054,192985.75600281655
2020-07-04,576002.6783353925,247471.46356278306,328531.2147726094
2020-07-05,509705.6557713877,294587.6307617865,215118.0250096012
2020-07-06,466771.4059755674,339172.075952788,127599.33002277941
2020-07-07,515758.99571792677,223572.23551309932,292186.7602048274
2020-07-08,500354.9964854799,316827.66034366324,183527.33614181663
2020-07-09,561624.0629449008,402615.92824460205,159008.13470029877
2020-07-10,611951.1090865516,343738.48527160555,268212.62381494604
2020-07-11,511381.8818986295,367363.64276875457,144018.2391298749
2020-07-12,527731.8513787523,314254.75153145264,213477.09984729963
2020-07-13,454411.61656097823,357748.9444661304,96662.67209484783
2020-07-14,524692.8560010027,277621.8723008344,247070.98370016832
2020-07-15,500277.9010745023,354793.19061706134,145484.710457441
2020-07-16,523877.89246618893,346233.9397215745,177643.95274461445
2020-07-17,513583.2512196745,323847.9057297641,189735.3454899104
2020-07-18,557902.485536596,369138.18499526964,188764.3005413264
2020-07-19,548938.7162158195,269722.9440982859,279215.77211753355
2020-07-20,508737.24477146135,281294.777148436,227442.46762302535
2020-07-21,486101.8020672803,291258.56904937857,194843.23301790172
2020-07-22,575493.9102611981,233519.45144552996,341974.4588156681
2020-07-23,521069.5312961729,297832.0641714761,223237.46712469676
2020-07-24,482719.7810266353,204701.13232442658,278018.64870220877
2020-07-25,550648.5231632554,349009.9127120656,201638.6104511898
2020-07-26,486535.24939196545,305669.68233764276,180865.5670543227
2020-07-27,538652.8562462701,283307.70183269295,255345.15441357717
2020-07-28,501559.3764367384,271795.85240378027,229763.52403295814
2020-07-29,546878.5205039972,303271.04851904063,243607.4719849566
2020-07-30,586585.7496349664,347927.51855715696,238658.2310778094
2020-07-31,512273.8881954258,336739.2959647591,175534.59223066672
2020-08-01,520877.6430473601,268060.9166454218,252816.7264019383
2020-08-02,518367.26153108804,254360.20235927374,264007.0591718143
2020-08-03,556080.0361219144,323492.58828810137,232587.44783381303
2020-08-04,494200.92990831635,250368.09675071226,243832.8331576041
2020-08-05,511890.9165187897,287995.48870397516,223895.42781481455
2020-08-06,559843.8606146647,292673.1991076775,267170.66150698724
2020-08-07,532181.6964723194,306250.7595584559,225930.93691386352
2020-08-08,543390.4375706497,339575.7074997488,203814.73007090087
2020-08-09,475050.1751913445,240189.66716597864,234860.50802536588
2020-08-10,577342.298937171,213794.38076485664,363547.91817231436
2020-08-11,474480.03864683677,285142.1689571187,189337.86968971806
2020-08-12,521032.35038714285,405076.4203916093,115955.92999553354
2020-08-13,545484.1163823168,414623.23802290525,130860.87835941155
2020-08-14,607838.1063839295,400911.2038061755,206926.902577754
2020-08-15,500028.1917653284,293688.74562131043,206339.44614401797
2020-08-16,582066.3259943402,207556.43189141387,374509.89410292637
2020-08-17,534586.6094031229,173495.69788952707,361090.91151359584
2020-08-18,528383.0793984054,255783.55890399317,272599.5204944122
2020-08-19,502104.82500589965,275096.318492532,227008.50651336764
2020-08-20,564551.6888283109,351516.73703426163,213034.9517940493
2020-08-21,529711.7677902207,334037.9259492412,195673.84184097947
2020-08-22,578732.3068988513,308032.43994023633,270699.86695861496
2020-08-23,494382.2451663347,258845.57546228764,235536.66970404703
2020-08-24,509435.4540459687,261313.36911563645,248122.08493033226
2020-08-25,500170.9311349016,326220.917372108,173950.01376279362
2020-08-26,502977.0508532171,349852.54894198634,153124.50191123073
2020-08-27,570615.9501839948,333108.5961308156,237507.3540531792
2020-08-28,568439.0329946928,257622.44904754846,310816.58394714433
2020-08-29,577961.6793795178,335871.19544894894,242090.48393056885
2020-08-30,471076.7569029106,317957.7343457258,153119.0225571848
2020-08-31,545714.2340594716,237114.33266261008,308599.90139686153
2020-09-01,592951.4950455927,247269.41846645094,345682.0765791417
2020-09-02,520012.41116030776,319424.7987280783,200587.61243222945
2020-09-03,606189.7181496157,274760.09022416914,331429.62792544655
2020-09-04,545439.3365201978,370105.01805394184,175334.31846625597
2020-09-05,501477.9853952381,321718.649793884,179759.33560135408
2020-09-06,516262.94098654116,279006.2545998811,237256.68638666003
2020-09-07,546194.1361290877,308842.0670083342,237352.06912075344
2020-09-08,493601.63752452907,316683.7026504222,176917.9348741069
2020-09-09,516510.38817501074,278580.4843379145,237929.90383709624
2020-09-10,568100.3468647319,267885.1231096549,300215.223755077
2020-09-11,554384.8822937389,344421.8417183559,209963.040575383
2020-09-12,561147.8702062685,345601.4788614495,215546.39134481899
2020-09-13,533525.704591084,326851.25946830324,206674.4451227808
2020-09-14,530095.6807949656,366413.5576883092,163682.12310665636
2020-09-15,506736.80052977754,259396.80518088368,247339.99534889386
2020-09-16,542431.3803157057,368713.5383035565,173717.84201214917
2020-09-17,523431.8778346469,241439.41105375602,281992.4667808909
2020-09-18,593904.9915762725,240013.37480369429,353891.6167725782
2020-09-19,525539.8442367358,208664.24188319282,316875.60235354304
2020-09-20,561215.1471044045,281048.0483180039,280167.09878640063
2020-09-21,509657.6164885214,284166.23018640827,225491.38630211313
2020-09-22,526724.7105363725,339811.39703126875,186913.31350510375
2020-09-23,521589.4196376627,327194.5470810225,194394.87255664018
2020-09-24,521732.10918007314,253865.86446757943,267866.24471249373
2020-09-25,503868.0753826008,289716.0351065902,214152.04027601058
2020-09-26,513867.2650930708,284764.7129549606,229102.55213811022
2020-09-27,518591.36099103466,207863.0736425608,310728.28734847385
2020-09-28,523981.10479246307,241600.31662145068,282380.7881710124
2020-09-29,551935.0237217402,247944.7854507592,303990.238270981
2020-09-30,524024.5364800674,356681.2509910473,167343.2854890201
2020-10-01,526712.0532966879,296058.00277933135,230654.05051735655
2020-10-02,513888.34754026745,323756.09066949395,190132.2568707735
2020-10-03,560887.8024975567,221730.41113319463,339157.39136436203
2020-10-04,570763.3661569816,363048.53816004423,207714.82799693733
2020-10-05,556573.5415758742,374407.4501790855,182166.09139678872
2020-10-06,543880.5308772483,213597.28466130496,330283.2462159433
2020-10-07,557512.4639015894,279734.1638042076,277778.3000973818
2020-10-08,605058.4937255721,338302.81166931184,266755.6820562603
2020-10-09,568091.1390724422,341571.76970479026,226519.36936765193
2020-10-10,566828.6883507477,269413.07748498366,297415.610865764
2020-10-11,520602.9189511301,281387.2128379727,239215.70611315744
2020-10-12,478681.2365211317,260778.5999198618,217902.6366012699
2020-10-13,503025.98552743293,292006.3693287697,211019.61619866325
2020-10-14,539040.2973371104,344858.9265730956,194181.37076401478
2020-10-15,556912.2456189201,247933.35912440342,308978.8864945166
2020-10-16,616876.1749851886,340688.67786053976,276187.4971246489
2020-10-17,550842.017207344,257578.58237331072,293263.43483403325
2020-10-18,566550.6422370484,260956.45338450046,305594.1888525479
2020-10-19,507449.12450907426,350282.07794504147,157167.0465640328
2020-10-20,515150.080079052,359611.35191891703,155538.72816013498
2020-10-21,500403.7434860364,357570.49683813273,142833.24664790364
2020-10-22,533777.7481671732,247724.66260762917,286053.08555954404
2020-10-23,575855.9451900285,286054.79812427855,289801.14706575
2020-10-24,549589.4117010243,344487.2436095107,205102.16809151357
2020-10-25,560432.4016227855,298739.2780188502,261693.1236039353
2020-10-26,526897.9643163041,236963.01066224583,289934.9536540583
2020-10-27,514885.64881246566,309401.3639377359,205484.28487472975
2020-10-28,605681.7826259371,249259.63705042648,356422.1455755107
2020-10-29,554189.3856016678,376211.70940107433,177977.67620059347
2020-10-30,595895.4366498642,367889.72609303176,228005.71055683243
2020-10-31,538285.2342024494,326867.0573084336,211418.17689401587
2020-11-01,554391.131516964,371388.14924783347,183002.98226913047
2020-11-02,550259.7197500924,312591.91453404987,237667.8052160425
2020-11-03,532672.9239884547,351786.40773728705,180886.5162511677
2020-11-04,471557.2931410201,388886.01476510376,82671.27837591636
2020-11-05,558512.9705983315,325789.467108252,232723.50349007954
2020-11-06,598878.1131010933,296592.9884521668,302285.12464892655
2020-11-07,567104.839499211,218106.71610048917,348998.1233987219
2020-11-08,547437.2175019237,292505.5097045807,254931.70779734297
2020-11-09,471710.4460664053,331818.81220023485,139891.63386617042
2020-11-10,505763.41686052433,333767.13835984527,171996.27850067907
2020-11-11,555491.41386605,310218.2532859205,245273.16058012948
2020-11-12,571235.7991858443,259420.5122333518,311815.28695249243
2020-11-13,599363.2191818702,191806.57452473935,407556.6446571309
2020-11-14,547893.3159635847,271901.4310904186,275991.8848731661
2020-11-15,547195.6779548501,288120.5704566469,259075.10749820323
2020-11-16,524828.2854526585,293705.8986683802,231122.38678427832
2020-11-17,498727.6909953188,344442.35086743254,154285.34012788627
2020-11-18,476435.8491082529,414283.820550742,62152.02855751093
2020-11-19,572813.4957557286,319690.99311059096,253122.5026451376
2020-11-20,569100.5361398566,298515.75757005817,270584.7785697984
2020-11-21,534652.9714645519,290376.7233591402,244276.24810541165
2020-11-22,487404.6677687492,302881.4243360414,184523.2434327078
2020-11-23,544188.1477365708,249232.96495469892,294955.1827818719
2020-11-24,521317.2749740878,292495.3949187665,228821.88005532126
2020-11-25,561774.7348217295,307540.61681659,254234.11800513946
2020-11-26,616763.5650137678,296969.7701601881,319793.7948535797
2020-11-27,500598.09758747,313524.74967235804,187073.34791511198
2020-11-28,533169.1025760744,318349.5664580822,214819.53611799225
2020-11-29,530657.4951744562,214742.97989702236,315914.5152774338
2020-11-30,569899.6516382972,341195.85494765115,228703.7966906461
2020-12-01,481161.6907333485,279963.7907354135,201197.899997935
2020-12-02,604103.2280306919,260208.0418498021,343895.1861808897
2020-12-03,565876.6902579926,258291.94162578665,307584.74863220594
2020-12-04,562919.9082546345,331029.4275515076,231890.48070312687
2020-12-05,549174.2380501687,292209.06764810253,256965.1704020662
2020-12-06,524809.7767180011,212563.74679138462,312246.02992661647
2020-12-07,558657.2733015615,314549.5437317333,244107.7295698282
2020-12-08,499157.0627966594,214505.06044152234,284652.0023551371
2020-12-09,557348.726819179,291991.0679259105,265357.6588932685
2020-12-10,551234.467349384,298410.41326511634,252824.05408426764
2020-12-11,543894.8287608162,334926.5070568713,208968.32170394494
2020-12-12,633654.1903268411,385746.42531399766,247907.76501284342
2020-12-13,551428.0938355952,235103.99771431758,316324.0961212776
2020-12-14,546570.6409729103,306728.6542247283,239841.98674818204
2020-12-15,566304.8929487811,299697.76826632535,266607.1246824558
2020-12-16,505304.70711989456,336687.48429804813,168617.22282184643
2020-12-17,616287.578703843,324297.9715652173,291989.60713862575
2020-12-18,492449.02097097633,291725.0348910504,200723.9860799259
2020-12-19,533970.8468647571,281292.7045788019,252678.14228595525
2020-12-20,526044.5257072129,240839.64323145268,285204.8824757602
2020-12-21,546583.2796917801,340040.7320924445,206542.5475993356
2020-12-22,539692.0416225555,309445.67606144014,230246.36556111532
2020-12-23,543899.667368089,330888.4098897569,213011.2574783321
2020-12-24,564317.8052009399,270965.660157688,293352.14504325186
2020-12-25,539335.9497297404,257805.8795373973,281530.0701923431
2020-12-26,513075.77144097694,242746.43265919382,270329.3387817831
2020-12-27,562569.728682252,321283.69319637737,241286.03548587463
2020-12-28,550901.6662283397,257362.6858014691,293538.9804268705
2020-12-29,581624.2290026114,405947.6864668638,175676.54253574758
2020-12-30,526162.5007941731,249617.87094532797,276544.6298488451
2020-12-31,586421.0859583889,327197.53897916124,259223.54697922763
2021-01-01,561124.3426940644,387695.0823885703,173429.26030549407
2021-01-02,594665.8969408949,333292.30197253503,261373.59496835986
2021-01-03,572392.1674221029,305445.87161524437,266946.2958068585
2021-01-04,537385.6689385766,242223.47062402416,295162.1983145524
2021-01-05,524862.3971575088,217397.00755307864,307465.3896044301
2021-01-06,579649.883166467,323502.5054458793,256147.37772058765
2021-01-07,586002.6694566461,361792.82902021095,224209.84043643513
2021-01-08,550061.23659201,268705.1534482103,281356.08314379974
2021-01-09,520076.5912902969,239709.11060983772,280367.4806804592
2021-01-10,534036.2012108942,180429.34248189352,353606.85872900067
2021-01-11,577470.7055318783,260314.104844754,317156.6006871243
2021-01-12,570401.8207290684,307831.6908935841,262570.12983548426
2021-01-13,518410.99782769143,394956.1620418367,123454.83578585472
2021-01-14,532521.715391541,347171.2176301847,185350.4977613563
2021-01-15,609793.8682545689,324606.61726321856,285187.25099135033
2021-01-16,526800.3784615345,283331.8309442883,243468.54751724622
2021-01-17,558929.9520501968,267503.90012785746,291426.05192233936
2021-01-18,514485.0587209315,360930.0328475174,153555.02587341412
2021-01-19,585477.4578123171,296522.39401938324,288955.0637929338
2021-01-20,529626.982053261,179869.9654039489,349757.0166493121
2021-01-21,602814.1878843022,252808.48458660147,350005.70329770073
2021-01-22,578058.0164955845,247736.85138353764,330321.1651120469
2021-01-23,569394.2053408874,269348.98553178174,300045.2198091057
2021-01-24,485500.7390099839,331483.3470235988,154017.3919863851
2021-01-25,467838.69869443885,303980.1029381682,163858.59575627063
2021-01-26,531308.0359782367,309671.2626683532,221636.7733098835
2021-01-27,561105.8120394844,380673.65806626185,180432.15397322254
2021-01-28,535716.311255585,278691.4785292019,257024.83272638317
2021-01-29,540810.3586690724,402562.32332224865,138248.03534682374
2021-01-30,579631.4427182311,269772.4344407905,309859.0082774406
2021-01-31,562454.5349738282,301122.0958212837,261332.43915254454
2021-02-01,530752.7715885615,276587.47320198076,254165.29838658072
2021-02-02,562289.9699314272,292656.42365651176,269633.5462749154
2021-02-03,519431.4653749702,307229.5997536564,212201.8656213138
2021-02-04,559753.1026846964,308177.2289859075,251575.87369878893
2021-02-05,623866.3932664619,252991.7864410897,370874.6068253722
2021-02-06,565795.8318312311,240516.45211827656,325279.3797129546
2021-02-07,550317.1801073147,428496.40355462977,121820.77655268495
2021-02-08,605022.3050888203,285153.1300478534,319869.1750409669
2021-02-09,497862.5574299705,348475.1549521356,149387.4024778349
2021-02-10,579509.3493554277,234617.93447384017,344891.4148815875
2021-02-11,621309.6427011382,299533.8970233024,321775.7456778358
2021-02-12,565643.2314075843,302992.3778287589,262650.85357882536
2021-02-13,590493.9956482704,326978.5675057363,263515.42814253405
2021-02-14,518026.1238629661,160539.47894105857,357486.6449219075
2021-02-15,516200.8397523567,298954.6836260356,217246.15612632112
2021-02-16,552350.7189964515,228998.39421306917,323352.3247833823
2021-02-17,580532.3426590706,301217.2855597462,279315.0570993244
2021-02-18,605977.0537886706,234669.0071395554,371308.04664911516
2021-02-19,623436.7309203146,247873.51817583974,375563.2127444748
2021-02-20,563640.579395558,282980.8054709922,280659.77392456576
2021-02-21,584253.9655440592,250721.34052918502,333532.62501487415
2021-02-22,527492.5704254917,285575.6246911134,241916.94573437824
2021-02-23,568823.36997226,253845.74459137052,314977.62538088945
2021-02-24,563758.9105109082,223341.47741506362,340417.4330958446
2021-02-25,586678.1997385303,364412.3856400043,222265.81409852603
2021-02-26,590012.0136423798,244549.9123866846,345462.1012556952
2021-02-27,518481.72996786947,294403.7696289458,224077.96033892367
2021-02-28,515680.8612326478,334306.7400653446,181374.12116730318
2021-03-01,541796.8630330812,259900.4478463171,281896.4151867641
2021-03-02,492101.1623449656,245227.17199418694,246873.99035077868
2021-03-03,583429.483780924,296311.9044333711,287117.5793475529
2021-03-04,600413.4456243058,342382.1581178212,258031.28750648454
2021-03-05,588080.7981176412,232181.88971779577,355898.9083998455
2021-03-06,533947.7639886547,289154.79438978335,244792.96959887136
2021-03-07,591767.5892741149,216713.08426097847,375054.5050131364
2021-03-08,600795.8431396951,289692.2968437714,311103.5462959237
2021-03-09,548090.7436671694,315224.76724544005,232865.9764217293
2021-03-10,574768.116148057,272268.7679122467,302499.34823581035
2021-03-11,581277.8303891323,290664.9413272747,290612.88906185754
2021-03-12,595135.6613108609,238941.00861250874,356194.6526983521
2021-03-13,564953.9257821898,307191.7445784196,257762.18120377022
2021-03-14,550285.3980223348,349446.8984348128,200838.499587522
2021-03-15,567809.9560726546,235790.45948359603,332019.49658905854
2021-03-16,615006.0678102721,255351.87865384464,359654.18915642746
2021-03-17,518408.82187205635,310127.31232270907,208281.50954934728
2021-03-18,573070.2003227514,347090.0029476006,225980.1973751508
2021-03-19,544769.6751935234,215988.16236167238,328781.512831851
2021-03-20,617260.3395478526,288222.9491198579,329037.3904279947
2021-03-21,534649.0902476413,317494.3551253208,217154.73512232053
2021-03-22,498301.3083537487,304249.5274964386,194051.7808573101
2021-03-23,564741.857028425,189674.9296746818,375066.9273537432
2021-03-24,613699.1964559917,340054.5004654386,273644.6959905531
2021-03-25,597051.415021252,389481.3505730685,207570.06444818352
2021-03-26,587286.3301785324,315185.43458635634,272100.89559217606
2021-03-27,582732.7243834393,251782.5113446316,330950.2130388077
2021-03-28,595685.3533215943,271005.8236724415,324679.5296491528
2021-03-29,516330.25817648706,379143.30635489884,137186.9518215882
2021-03-30,543199.7380499671,331983.59402449185,211216.14402547525
2021-03-31,548748.0626680021,317001.33091921645,231746.73174878565
2021-04-01,543066.4238552667,304306.0961581825,238760.32769708417
2021-04-02,572250.0401871598,257590.79736257042,314659.24282458937
2021-04-03,604649.0336892224,286633.6269578666,318015.4067313558
2021-04-04,571197.101998198,299441.67722541885,271755.4247727791
2021-04-05,562844.4553897466,336831.0628311033,226013.3925586433
2021-04-06,551908.3236317455,388960.47773188143,162947.8458998641
2021-04-07,578987.3847147343,370916.9068396564,208070.47787507786
2021-04-08,555043.5769131636,242545.31522873437,312498.26168442925
2021-04-09,573774.9055014362,320552.0954729335,253222.81002850272
2021-04-10,578136.4320283987,340175.9812677399,237960.45076065883
2021-04-11,563483.4174224623,327605.20249788725,235878.214924575
2021-04-12,554079.6801437461,259185.9648027484,294893.7153409977
2021-04-13,544322.9009312441,432190.92776988173,112131.9731613624
2021-04-14,552923.8733085555,221145.77188344405,331778.1014251114
2021-04-15,674753.3297845251,232326.04464816122,442427.2851363639
2021-04-16,611222.7243768139,302327.40703519795,308895.3173416159
2021-04-17,585729.6333075055,402502.3387388478,183227.2945686577
2021-04-18,549120.5908194021,261528.0714741362,287592.51934526593
2021-04-19,531896.3837973624,296060.92874553124,235835.4550518312
2021-04-20,545507.8456895156,367379.21666932094,178128.62902019464
2021-04-21,573990.3447596544,314106.89225561335,259883.45250404102
2021-04-22,524566.0290808926,296784.3402920216,227781.688788871
2021-04-23,537896.3224371908,337633.9921222174,200262.33031497343
2021-04-24,555187.6414703475,316963.7135208247,238223.92794952285
2021-04-25,563289.9329785415,348184.1252724954,215105.8077060461
2021-04-26,539213.658300712,355221.0974253871,183992.56087532488
2021-04-27,594734.4043938982,301835.61998173175,292898.78441216645
2021-04-28,521692.47995177057,299586.63626891543,222105.84368285513
2021-04-29,559397.6354242733,297191.01609577046,262206.61932850286
2021-04-30,631539.6666377531,315104.18080458324,316435.4858331699
2021-05-01,579186.5969883591,299420.71788422845,279765.87910413067
2021-05-02,584579.9314688075,303307.38989323,281272.5415755775
2021-05-03,608888.1651229407,369183.703069243,239704.46205369767
2021-05-04,530535.539183447,389320.34203628823,141215.1971471588
2021-05-05,564143.8575374713,239622.35276832897,324521.50476914237
2021-05-06,574724.096594037,314015.5906055648,260708.5059884722
2021-05-07,528258.028383111,274917.62535561953,253340.40302749147
2021-05-08,566900.017245014,287789.2406850409,279110.7765599731
2021-05-09,585425.4237157812,316787.9964774214,268637.4272383598
2021-05-10,564527.3471888129,324119.5715492423,240407.7756395706
2021-05-11,570881.0709117316,280879.1448008965,290001.92611083505
2021-05-12,556816.922361637,189332.98326385987,367483.9390977771
2021-05-13,564172.8906513827,238233.1879526546,325939.7026987281
2021-05-14,625932.3927841567,335472.63648212724,290459.7563020295
2021-05-15,562251.3110765534,159640.86488890837,402610.4461876451
2021-05-16,568774.923367747,362709.17159344454,206065.75177430245
2021-05-17,554168.6054643609,335413.846560108,218754.7589042529
2021-05-18,597118.9904273936,379323.3370950373,217795.6533323563
2021-05-19,598183.4666205813,305071.540655952,293111.92596462934
2021-05-20,545956.9532211272,210444.2618173912,335512.69140373595
2021-05-21,553187.0317335358,330870.4791032057,222316.5526303301
2021-05-22,595497.0241189459,367070.4702112618,228426.5539076841
2021-05-23,558981.2368921641,342898.27626632625,216082.96062583785
2021-05-24,536572.315635011,257513.0787977174,279059.23683729355
2021-05-25,584695.2205691036,290823.52075459604,293871.69981450756
2021-05-26,575623.7814626666,258358.1865610038,317265.5949016628
2021-05-27,587347.3375574136,245522.14377199506,341825.1937854185
2021-05-28,613167.3900690277,338417.0815311116,274750.30853791605
2021-05-29,567835.3638381545,236785.57042739692,331049.79341075756
2021-05-30,608925.8399873051,258646.992480264,350278.8475070411
2021-05-31,527544.9445662228,254151.06535426143,273393.8792119614
2021-06-01,574893.160149121,239002.15685358387,335891.0032955371
2021-06-02,613973.8892693832,322320.71459213016,291653.174677253
2021-06-03,545413.6553821567,371589.68544263503,173823.9699395217
2021-06-04,580431.3796803919,300108.50921561784,280322.870464774
2021-06-05,614313.7595826165,228050.42398113635,386263.33560148015
2021-06-06,597546.5109646487,338659.4129777569,258887.0979868918
2021-06-07,547000.4093611548,374932.74067386764,172067.66868728714
2021-06-08,534104.0594581419,254173.35077413393,279930.708684008
2021-06-09,600595.8828891004,261072.2866641141,339523.59622498625
2021-06-10,623197.8972473566,312268.4984856334,310929.3987617232
2021-06-11,556750.4386101826,371741.3403613713,185009.09824881132
2021-06-12,544889.0324366477,270670.47870439384,274218.55373225384
2021-06-13,570545.7791018153,236715.32495943407,333830.4541423812
2021-06-14,571985.0004852578,340923.27734150115,231061.72314375668
2021-06-15,548131.0238211342,353467.936675651,194663.08714548324
2021-06-16,593255.5269282378,315306.57252176135,277948.9544064764
2021-06-17,567346.2300743758,285607.87003566383,281738.3600387119
2021-06-18,529208.4352029313,359071.2835774833,170137.15162544796
2021-06-19,569248.3138452496,329739.61423674284,239508.69960850675
2021-06-20,566643.9471472888,258240.4101454808,308403.53700180806
2021-06-21,545787.8867950862,293102.38953740255,252685.49725768366
2021-06-22,523303.9025778407,218900.0903802315,304403.8121976092
2021-06-23,519366.14716199145,319294.522821896,200071.62434009544
2021-06-24,574186.5682580491,273373.7885123207,300812.77974572836
2021-06-25,620537.8204342248,268862.111352882,351675.7090813428
2021-06-26,620610.1733072285,295018.4617330331,325591.71157419536
2021-06-27,601337.2883856389,305353.1989758568,295984.089409782
2021-06-28,530544.7036471122,354098.8501061593,176445.85354095296
2021-06-29,524409.7148883039,343069.05958479736,181340.65530350653
2021-06-30,589693.5589973425,307179.53606035985,282514.0229369826
2021-07-01,609621.1368466133,351697.9405044861,257923.19634212716
2021-07-02,606572.1395503363,329389.2097124616,277182.92983787466
2021-07-03,523461.2560072735,282007.83219504304,241453.42381223047
2021-07-04,540658.2534245695,290426.27807883103,250231.97534573846
2021-07-05,555090.2301025789,283236.5085299632,271853.7215726157
2021-07-06,574596.3545457163,311748.53414017387,262847.82040554244
2021-07-07,598772.6455356078,266648.8692639179,332123.7762716899
2021-07-08,595854.6462767255,266965.00766038196,328889.6386163435
2021-07-09,605449.4697000575,389085.51844381687,216363.95125624066
2021-07-10,587388.022094829,343648.9600780101,243739.0620168189
2021-07-11,588192.2763072165,265307.780788088,322884.4955191285
2021-07-12,566325.7674654744,337899.39672499086,228426.37074048357
2021-07-13,562910.8426178116,319432.0363012952,243478.80631651642
2021-07-14,568661.2647930015,334577.55876300466,234083.7060299968
2021-07-15,594924.6874691283,320381.5992467915,274543.0882223368
2021-07-16,611022.6009786779,368834.479302143,242188.12167653488
2021-07-17,593825.2241205261,320618.8312419171,273206.392878609
2021-07-18,580007.39174061,293557.7510799412,286449.6406606688
2021-07-19,598180.3578708718,342757.18182127003,255423.17604960175
2021-07-20,569852.5346083795,298149.7190358573,271702.8155725222
2021-07-21,558201.2772625168,291073.9289664529,267127.3482960639
2021-07-22,619953.0524072677,302186.5971057694,317766.45530149835
2021-07-23,556457.8135930212,285967.20180380036,270490.6117892209
2021-07-24,554317.465140994,297123.5356404289,257193.92950056517
2021-07-25,579616.921241444,274003.0845712506,305613.83667019336
2021-07-26,574349.5061735224,271793.9860466871,302555.5201268353
2021-07-27,525504.9843304507,263586.01369441417,261918.97063603648
2021-07-28,567145.6125566976,245400.8356601462,321744.77689655137
2021-07-29,576221.2379704409,269528.6649493088,306692.5730211321
2021-07-30,583802.3781462298,300638.99530453485,283163.3828416949
2021-07-31,616026.7039609496,308493.6931316262,307533.0108293234
2021-08-01,591695.5713158468,283097.35783327307,308598.2134825737
2021-08-02,559242.844853903,172862.47846575122,386380.36638815183
2021-08-03,547436.5673317115,365214.784869581,182221.78246213053
2021-08-04,539099.5509892869,339324.0061445191,199775.54484476778
2021-08-05,637968.2052100793,308773.45954232017,329194.74566775915
2021-08-06,617124.9889508144,386022.18659978214,231102.8023510322
2021-08-07,567477.6016601583,247793.9801164692,319683.62154368905
2021-08-08,593047.2964477654,397719.07004064496,195328.22640712047
2021-08-09,558668.7057418646,261091.64319035338,297577.0625515112
2021-08-10,556161.0441088778,325451.4292831039,230709.61482577387
2021-08-11,593604.2910541677,251308.1337432898,342296.15731087787
2021-08-12,574076.6136588278,314249.23779575474,259827.3758630731
2021-08-13,590007.7804665521,328660.67192780017,261347.10853875196
2021-08-14,593280.4108179263,295603.29745261685,297677.11336530943
2021-08-15,557434.6798420517,332356.05819516233,225078.62164688937
2021-08-16,581806.8747767183,295598.3754464822,286208.4993302361
2021-08-17,621805.2284746862,260364.7305625882,361440.49791209796
2021-08-18,558877.9053368539,256659.33410988303,302218.5712269709
2021-08-19,547326.706376677,327031.15561224835,220295.55076442868
2021-08-20,541227.1751371573,257960.55148177015,283266.6236553872
2021-08-21,586081.4387566799,342432.3345149021,243649.1042417778
2021-08-22,553482.182034412,364473.4036509409,189008.77838347113
2021-08-23,568929.0376102941,225916.65391057404,343012.38369972
2021-08-24,570670.0676347101,370160.85238358803,200509.21525112208
2021-08-25,534369.2480262339,418021.1349222349,116348.11310399894
2021-08-26,543792.8544909463,326114.7210786326,217678.1334123137
2021-08-27,611116.2814814165,339306.55629262206,271809.7251887945
2021-08-28,595617.2521527174,355188.08022780286,240429.17192491458
2021-08-29,561561.4838967904,282888.0702317046,278673.4136650858
2021-08-30,513937.8191339011,299761.6641490124,214176.15498488868
2021-08-31,581792.7794664657,220775.4905003083,361017.28896615736
2021-09-01,621581.6438969637,291931.75142652256,329649.8924704411
2021-09-02,607537.746691545,311391.06676369085,296146.67992785416
2021-09-03,577772.971663671,316455.8041184424,261317.16754522856
2021-09-04,593849.8561878428,349933.4221705339,243916.43401730887
2021-09-05,534311.505529366,264597.7051025676,269713.80042679835
2021-09-06,596349.8522126232,282722.00919420616,313627.8430184171
2021-09-07,571065.2757289908,408289.90031810396,162775.37541088683
2021-09-08,531338.8542912394,307483.5813118145,223855.27297942492
2021-09-09,591136.9467812557,323516.2223841527,267620.72439710295
2021-09-10,618055.1377972389,306001.84494162013,312053.29285561875
2021-09-11,583480.76670103,262253.7726940933,321226.9940069367
2021-09-12,567976.9604237586,377838.6465352455,190138.31388851308
2021-09-13,528837.8686956305,264262.5823760889,264575.28631954157
2021-09-14,586565.079415143,230121.19079611744,356443.8886190256
2021-09-15,565888.3897528508,262462.9861348624,303425.40361798834
2021-09-16,536422.7203940039,186400.166895187,350022.5534988169
2021-09-17,593977.2754796894,258083.27972295956,335893.9957567298
2021-09-18,623865.5909069977,248255.75609803828,375609.8348089594
2021-09-19,565604.8527785548,334209.2455557108,231395.60722284397
2021-09-20,618668.3885703433,275681.6350498871,342986.75352045614
2021-09-21,583396.792368739,357904.7297974788,225492.0625712602
2021-09-22,596464.1147314245,384924.19965346606,211539.91507795843
2021-09-23,598223.0378362155,352573.29983291635,245649.7380032991
2021-09-24,604025.314476461,298582.93258487695,305442.3818915841
2021-09-25,587487.2944958895,310393.53884462436,277093.7556512651
2021-09-26,569103.5585236669,220412.93898345256,348690.61954021436
2021-09-27,583413.7579882413,283958.6843460574,299455.07364218385
2021-09-28,543411.7211281554,243463.54357812204,299948.1775500333
2021-09-29,554983.4591108743,319716.31905746495,235267.14005340938
2021-09-30,569338.0383970711,415123.0864436872,154214.95195338386
2021-10-01,668402.441249294,315638.7347708089,352763.7064784851
2021-10-02,612259.1947091813,197105.17854292179,415154.01616625953
2021-10-03,588265.3104461343,285276.30436362646,302989.00608250784
2021-10-04,536721.2071270125,315476.89329660387,221244.31383040868
2021-10-05,591145.8311517059,317882.4042815494,273263.42687015655
2021-10-06,584722.0376885908,278459.34371956234,306262.6939690285
2021-10-07,610417.8622668751,325779.1201503829,284638.7421164922
2021-10-08,578693.0994526614,247227.3051819117,331465.79427074967
2021-10-09,602115.8774911807,256092.37787509168,346023.499616089
2021-10-10,567374.442359127,328952.06807084143,238422.37428828556
2021-10-11,546437.216634499,239864.4914281277,306572.72520637134
2021-10-12,595427.6563152674,313396.0472560767,282031.6090591907
2021-10-13,543046.8479358794,216526.8112671971,326520.03666868224
2021-10-14,621894.9860719345,374726.76117105014,247168.22490088432
2021-10-15,629485.1970447465,251934.15685191678,377551.0401928297
2021-10-16,571877.4056117035,285478.8574004834,286398.5482112201
2021-10-17,556438.4987809348,319868.47706386505,236570.0217170698
2021-10-18,563673.6850170017,281084.8494028261,282588.8356141756
2021-10-19,582824.4566645067,320684.83107210166,262139.62559240503
2021-10-20,585551.3365469435,343767.8362260063,241783.50032093725
2021-10-21,618917.4760578565,361545.1946437106,257372.28141414584
2021-10-22,662798.9067238682,348927.21882652916,313871.68789733906
2021-10-23,583994.1169133387,294747.2908192108,289246.82609412784
2021-10-24,530551.8576033957,289330.5972884752,241221.2603149205
2021-10-25,596101.0670555026,408103.0808733709,187997.98618213163
2021-10-26,625821.7117380548,333979.9203939282,291841.79134412657
2021-10-27,602878.9413024925,238908.81718398933,363970.1241185032
2021-10-28,574237.0461010789,291484.87516974116,282752.1709313377
2021-10-29,607151.6503602795,273890.49603320897,333261.1543270705
2021-10-30,566628.8195710706,289895.47429449984,276733.34527657076
2021-10-31,602251.8256529762,241863.0561239401,360388.7695290361
2021-11-01,531743.551593219,288756.18530858296,242987.36628463608
2021-11-02,567277.3149649702,404092.3216782316,163184.99328673864
2021-11-03,561924.6597317304,343953.81504377513,217970.84468795522
2021-11-04,611633.1510253266,188956.46261096344,422676.68841436313
2021-11-05,600837.0750527919,370188.5216527789,230648.55340001296
2021-11-06,606446.291304517,357819.2901548029,248627.00114971405
2021-11-07,584595.5815926681,278697.9207753349,305897.6608173332
2021-11-08,543641.3969520378,326510.8301612803,217130.56679075753
2021-11-09,596046.3945852757,243515.5064406041,352530.88814467157
2021-11-10,591550.729074845,261487.21418668213,330063.51488816284
2021-11-11,579131.4443448909,361412.7850149565,217718.6593299344
2021-11-12,680014.026162687,277061.15097863355,402952.87518405344
2021-11-13,616395.2373181122,203175.60289290542,413219.63442520675
2021-11-14,580286.1524512854,300172.65287027817,280113.4995810072
2021-11-15,616656.2076944044,305422.9273821632,311233.28031224123
2021-11-16,633453.4550705933,373432.96148720913,260020.49358338414
2021-11-17,589612.1200703104,315716.821108788,273895.2989615224
2021-11-18,620168.1432834994,292435.4174465216,327732.7258369778
2021-11-19,584105.0490460141,361605.1542894414,222499.89475657267
2021-11-20,598645.4539031476,309377.32563440065,289268.12826874695
2021-11-21,579870.9965500579,259161.0519123693,320709.9446376886
2021-11-22,580703.7870115886,348397.53099919995,232306.25601238862
2021-11-23,589140.7052576942,296168.55520730384,292972.1500503904
2021-11-24,611726.3603141552,285146.2983339719,326580.06198018335
2021-11-25,617834.4024890442,295380.8865520464,322453.51593699784
2021-11-26,578381.7588968165,237114.2344012889,341267.5244955276
2021-11-27,575866.1273635448,270279.4971817378,305586.630181807
2021-11-28,570409.5486885333,303516.94410098385,266892.6045875494
2021-11-29,567650.6623548312,299619.16227664676,268031.5000781845
2021-11-30,611640.0237223362,377135.9521593658,234504.07156297035
2021-12-01,561002.2413533145,325870.29263635015,235131.94871696434
2021-12-02,600941.5754645132,356259.7291503565,244681.84631415666
2021-12-03,644253.2267517021,309822.11475667387,334431.1119950283
2021-12-04,595982.7204104684,356152.2381966516,239830.48221381678
2021-12-05,601573.1508773196,316538.573819314,285034.5770580056
2021-12-06,572890.5229342796,291318.6772415417,281571.84569273796
2021-12-07,588779.1968375046,285821.31253351265,302957.884303992
2021-12-08,589995.1387542066,237278.06868545184,352717.0700687547
2021-12-09,632634.895201075,311831.25298827945,320803.64221279556
2021-12-10,570270.1536926762,288637.4162453002,281632.737447376
2021-12-11,595038.5885032978,271562.58798159496,323476.0005217028
2021-12-12,597616.7657924516,358660.90254994796,238955.8632425036
2021-12-13,594046.5457718916,246841.54573314113,347205.00003875047
2021-12-14,626823.1819099665,292389.7382469146,334433.44366305193
2021-12-15,586077.4791721142,366385.93743897666,219691.5417331375
2021-12-16,657966.2879846394,329290.68006454885,328675.60792009055
2021-12-17,597810.0352246683,306959.40064524306,290850.63457942527
2021-12-18,646756.2452108829,315887.9911668523,330868.25404403056
2021-12-19,614202.5034021628,305632.8945430979,308569.60885906493
2021-12-20,551590.8350523284,214814.52565782284,336776.3093945056
2021-12-21,592204.6844544952,269022.3727140657,323182.3117404295
2021-12-22,597230.0482217042,365826.0827256874,231403.96549601678
2021-12-23,633308.2770486505,253519.26024260506,379789.0168060455
2021-12-24,611841.5064810483,274732.60226690216,337108.90421414614
2021-12-25,598638.3702042811,269581.1478251955,329057.22237908555
2021-12-26,631710.2311936867,298987.05284343724,332723.1783502495
2021-12-27,576991.8697172139,280196.20546166605,296795.66425554786
2021-12-28,608745.0811722822,337851.6081264391,270893.47304584313
2021-12-29,592965.4828459327,324865.67061451334,268099.8122314194
2021-12-30,665499.541124815,352191.9137738876,313307.6273509274
2021-12-31,599148.5193635713,256805.28871843254,342343.23064513877
2022-01-01,590390.3551463048,286320.7898651993,304069.5652811055
2022-01-02,637331.8132538656,285376.0544100485,351955.75884381705
2022-01-03,567564.0089336156,313429.9984765489,254134.01045706676
2022-01-04,632943.5447410512,246824.4071211118,386119.13761993934
2022-01-05,627440.1488946938,330782.6902129172,296657.4586817766
2022-01-06,611819.0562607544,345806.24650734407,266012.8097534103
2022-01-07,566058.6581927105,241204.0355903401,324854.6226023704
2022-01-08,609194.0160651546,272118.5412459771,337075.47481917747
2022-01-09,595604.1035359807,276741.23859473993,318862.86494124075
2022-01-10,616887.8367691936,440971.65726175555,175916.1795074381
2022-01-11,633523.6349529115,292019.527758142,341504.10719476955
2022-01-12,581094.2202421258,398881.27210780676,182212.94813431904
2022-01-13,641452.9044868137,250182.93326320598,391269.9712236077
2022-01-14,644378.4311432155,259869.7987196633,384508.6324235522
2022-01-15,642934.8503752126,269007.58741693466,373927.26295827795
2022-01-16,608474.8034036338,254377.72041832944,354097.0829853043
2022-01-17,524555.2781507984,277252.7162641945,247302.5618866039
2022-01-18,582166.4507994641,251046.5568453888,331119.8939540753
2022-01-19,567931.5124785193,244032.92036327132,323898.59211524803
2022-01-20,612298.1824892147,344409.06680512987,267889.1156840848
2022-01-21,651775.3976564208,351837.3340977767,299938.06355864415
2022-01-22,620845.8984887378,344127.0109094209,276718.88757931686
2022-01-23,628915.7361410798,329537.76178856066,299377.97435251914
2022-01-24,594041.7306106469,313989.50031685806,280052.23029378883
2022-01-25,548838.2496948174,288662.99848524045,260175.2512095769
2022-01-26,527936.2336384356,267342.1247622454,260594.1088761902
2022-01-27,623799.5226367349,331664.31819017057,292135.2044465643
2022-01-28,616916.3806914578,250670.82740054117,366245.5532909166
2022-01-29,583341.9053406196,253641.76755057462,329700.137790045
2022-01-30,544413.0967692028,354307.8488008955,190105.24796830735
2022-01-31,562705.720694648,385680.10505822336,177025.61563642463
2022-02-01,582912.1874485312,306150.22388978786,276761.9635587433
2022-02-02,624496.882656398,340322.85761473223,284174.02504166577
2022-02-03,625953.0963429754,274193.05110926455,351760.04523371084
2022-02-04,672535.0962067636,223763.94366773462,448771.152539029
2022-02-05,582541.0599503057,327270.76692158397,255270.29302872176
2022-02-06,622822.5851300566,331802.28017284797,291020.30495720863
2022-02-07,587125.8835022802,312935.774721893,274190.1087803872
2022-02-08,610545.9098276208,301395.76011328056,309150.1497143403
2022-02-09,592384.0061568285,363110.5289290549,229273.47722777358
2022-02-10,653403.4792222425,264227.88134716265,389175.59787507984
2022-02-11,634108.7256515282,270663.3180833484,363445.4075681798
2022-02-12,594184.7361937244,252932.48867132398,341252.24752240046
2022-02-13,596989.0016105274,300910.8341224468,296078.1674880806
2022-02-14,579479.1495498945,236253.00236665638,343226.1471832381
2022-02-15,605340.0907327859,252273.35795570182,353066.73277708405
2022-02-16,571045.0536831459,249712.2218886401,321332.8317945058
2022-02-17,621331.4210516426,273455.0503647657,347876.37068687694
2022-02-18,638070.10459024,216278.93065191968,421791.17393832037
2022-02-19,616517.6890666373,301022.4355925178,315495.2534741195
2022-02-20,638716.8639191804,365702.9965425792,273013.86737660115
2022-02-21,610845.4126497278,316126.9156437193,294718.49700600846
2022-02-22,591399.2204210198,390580.5902586023,200818.63016241754
2022-02-23,613897.9331989023,381699.9092938462,232198.02390505606
2022-02-24,632040.8427691638,352401.28538092884,279639.55738823494
2022-02-25,639268.7792453534,313086.63915972516,326182.14008562826
2022-02-26,561716.1540904955,304462.8334216168,257253.32066887873
2022-02-27,590221.7418240216,334852.17460881866,255369.5672152029
2022-02-28,544050.4614913826,271064.12249691726,272986.3389944653
2022-03-01,630930.9768566155,192359.4294080906,438571.5474485249
2022-03-02,606530.6787834729,309600.20270514797,296930.4760783249
2022-03-03,618329.5518439037,229932.03548471528,388397.5163591885
2022-03-04,655032.615190935,242540.59156259976,412492.0236283352
2022-03-05,630114.5419935194,296673.3833904444,333441.158603075
2022-03-06,566367.399375315,298581.5701316707,267785.8292436444
2022-03-07,587415.3767709534,238748.56671209948,348666.81005885394
2022-03-08,583486.4433456282,321789.1112251932,261697.33212043502
2022-03-09,556979.0818349676,363306.98304305243,193672.09879191517
2022-03-10,604380.3974467637,257097.4545052475,347282.9429415162
2022-03-11,623581.3896790331,372976.51357031916,250604.8761087139
2022-03-12,614955.1742348573,225329.272752848,389625.9014820093
2022-03-13,556718.3962059615,402528.3932092037,154190.00299675774
2022-03-14,625051.4092477879,270084.63144794496,354966.77779984294
2022-03-15,591437.2648852654,293766.31682280847,297670.9480624569
2022-03-16,611400.5649025547,190398.32137571648,421002.24352683825
2022-03-17,638066.8377036636,283378.6636579979,354688.1740456657
2022-03-18,606404.2158320055,302071.761858029,304332.4539739765
2022-03-19,633053.2854831809,292354.0807856808,340699.2046975001
2022-03-20,591132.0036453228,275183.760156726,315948.24348859675
2022-03-21,564562.779646537,262024.12110149005,302538.658545047
2022-03-22,612662.6855622608,370040.86399540195,242621.82156685885
2022-03-23,655983.092476383,316540.35674989753,339442.73572648544
2022-03-24,648751.3738676338,390552.151844375,258199.22202325874
2022-03-25,658694.7345129177,283028.2292881346,375666.5052247831
2022-03-26,604702.5922019203,281598.0793407338,323104.5128611865
2022-03-27,555174.5552604039,337441.89822046366,217732.65703994024
2022-03-28,637123.3756385372,209498.9048719412,427624.47076659603
2022-03-29,658053.6115533303,225812.2989738175,432241.3125795128
2022-03-30,658475.9840350078,339874.2485676582,318601.7354673496
2022-03-31,617891.8186032551,227888.7705203038,390003.0480829513
2022-04-01,597325.2815064291,199695.10220699108,397630.179299438
2022-04-02,589309.9335737919,390088.5453943097,199221.3881794822
2022-04-03,553550.0742166255,233646.93161563406,319903.1426009915
2022-04-04,590156.7955328296,318558.31694428896,271598.47858854063
2022-04-05,645547.40772325,316968.7926547498,328578.61506850016
2022-04-06,608900.8059753387,174468.58416909582,434432.22180624283
2022-04-07,637993.9878926845,300148.68186014605,337845.3060325385
2022-04-08,674191.1247070098,331773.00950183714,342418.1152051726
2022-04-09,610116.4592629962,321053.283085288,289063.1761777082
2022-04-10,666086.8990562243,341838.22018083086,324248.6788753934
2022-04-11,654099.8904196438,271273.08722684794,382826.8031927959
2022-04-12,594402.632929952,322110.68908607145,272291.94384388055
2022-04-13,596783.5611205205,250533.54659599642,346250.01452452404
2022-04-14,650800.346383536,215962.09616082502,434838.250222711
2022-04-15,623456.3716119064,225761.23418805725,397695.1374238492
2022-04-16,588501.5662155356,223556.66323088494,364944.9029846507
2022-04-17,644417.0190699133,353817.11240390455,290599.90666600876
2022-04-18,631789.3839226211,233623.67157495307,398165.7123476681
2022-04-19,603960.2253128607,327216.4750510013,276743.7502618594
2022-04-20,577182.5505388401,301703.79029637837,275478.76024246175
2022-04-21,593956.3215648937,308382.1043460047,285574.217218889
2022-04-22,638057.9026496359,377532.71178786625,260525.19086176966
2022-04-23,609160.9958019941,281416.4456485808,327744.5501534133
2022-04-24,596705.975609565,327242.2640681394,269463.7115414256
2022-04-25,626913.761065698,292525.8205411748,334387.9405245232
2022-04-26,622249.1608322193,278884.521699829,343364.63913239026
2022-04-27,657371.6776752024,399998.4562193237,257373.2214558787
2022-04-28,602082.3165096863,214418.37969569513,387663.93681399117
2022-04-29,625504.1810460491,355104.2447439909,270399.9363020582
2022-04-30,647885.48181054,329482.5142651532,318402.96754538675
2022-05-01,621340.0179137894,279361.56427775533,341978.45363603404
2022-05-02,643185.1820011158,390818.2728999613,252366.90910115448
2022-05-03,613828.7865962535,221109.02739910915,392719.75919714436
2022-05-04,672429.5744930293,288911.66713504645,383517.9073579828
2022-05-05,648960.451372287,253090.42280508264,395870.02856720437
2022-05-06,668623.8556438993,329956.52027145453,338667.33537244477
2022-05-07,616369.4866527923,247684.60894998672,368684.87770280556
2022-05-08,609285.1881495097,318315.3833277207,290969.80482178903
2022-05-09,625501.00674826,281325.8321810411,344175.17456721887
2022-05-10,650560.9346465132,262517.7698486595,388043.1647978537
2022-05-11,639822.313958774,304432.36230166553,335389.95165710844
2022-05-12,631223.6682721444,273054.38578456064,358169.28248758375
2022-05-13,679037.7872116785,236215.9108191671,442821.87639251136
2022-05-14,561274.479477517,436730.83547240397,124543.64400511299
2022-05-15,567148.4408573733,278979.4548578879,288168.9859994854
2022-05-16,619580.6054527166,198471.89302028035,421108.71243243624
2022-05-17,603553.7443259041,271409.5985324668,332144.14579343726
2022-05-18,637069.5191227649,251636.1655813635,385433.35354140145
2022-05-19,636609.9512127301,354821.813820562,281788.13739216817
2022-05-20,655805.0112735336,325434.9800074604,330370.0312660732
2022-05-21,603560.6586457071,323273.4540988623,280287.20454684476
2022-05-22,627888.9625945616,278161.0626987937,349727.8998957679
2022-05-23,629922.9186984815,276680.14061927295,353242.77807920857
2022-05-24,640705.9158658362,267938.9118010804,372767.0040647558
2022-05-25,680269.6425380895,280940.3407932265,399329.30174486304
2022-05-26,642959.5829544321,328252.1387497055,314707.4442047266
2022-05-27,647852.8771504218,307451.4235973861,340401.45355303574
2022-05-28,583256.4734598768,321667.82747169805,261588.6459881788
2022-05-29,595790.9420876077,328315.75942180405,267475.18266580364
2022-05-30,595256.9247416448,353574.4688969677,241682.45584467705
2022-05-31,636557.8884257785,327922.0350955488,308635.8533302297
2022-06-01,602491.8840855282,332942.4036339459,269549.4804515823
2022-06-02,660485.7343514129,372954.8450781946,287530.8892732183
2022-06-03,640545.7971456937,276100.05112772505,364445.74601796863
2022-06-04,624595.5080412368,260550.68501176918,364044.8230294676
2022-06-05,620159.0073053455,237366.1060313126,382792.9012740329
2022-06-06,590273.5999038464,299793.3811531314,290480.21875071496
2022-06-07,593136.0885242982,193798.8549205075,399337.23360379064
2022-06-08,570637.2447441046,308107.70480298385,262529.5399411207
2022-06-09,630115.8116487014,281025.8122564359,349089.9993922655
2022-06-10,627154.3083797224,347379.637963172,279774.6704165504
2022-06-11,615390.0259237967,263066.3204674057,352323.705456391
2022-06-12,626157.2842186384,293171.8997384691,332985.38448016933
2022-06-13,622726.1537647366,365462.51369254896,257263.64007218764
2022-06-14,613931.9452159366,382671.3153574439,231260.62985849276
2022-06-15,652602.1817408808,280992.38171240897,371609.80002847186
2022-06-16,655780.1997530379,322603.5946478945,333176.6051051434
2022-06-17,633660.5711796042,324073.29591208335,309587.2752675208
2022-06-18,617942.671142427,322020.4842904023,295922.1868520247
2022-06-19,623994.663553532,283533.4030248746,340461.26052865735
2022-06-20,621139.1125876675,354716.8228783013,266422.2897093662
2022-06-21,649860.3433972006,192000.2928003865,457860.0505968141
2022-06-22,659433.8214851881,263943.4882599458,395490.33322524227
2022-06-23,623228.0558925007,308882.0036201108,314346.0522723899
2022-06-24,640410.9725795452,313508.89356958546,326902.07900995977
2022-06-25,652917.797970981,364300.1375213931,288617.6604495879
2022-06-26,647608.8339018852,363249.0836694085,284359.7502324767
2022-06-27,633054.0874613435,295075.26576251915,337978.82169882435
2022-06-28,606967.5833109055,378508.09519506677,228459.48811583873
2022-06-29,587036.8546737207,279297.91281112726,307738.9418625934
2022-06-30,610463.0589099381,360058.90215812816,250404.15675180993
2022-07-01,652609.0705225342,399878.47094893083,252730.59957360337
2022-07-02,644012.9353157657,364085.0193520928,279927.91596367286
2022-07-03,583567.423466672,301950.70516686136,281616.7182998106
2022-07-04,607180.9958364664,274058.714383513,333122.2814529534
2022-07-05,628779.5531145866,210055.9021684996,418723.65094608703
2022-07-06,591079.6386309504,300526.9818957102,290552.65673524013
2022-07-07,674539.970361027,230724.6055829177,443815.36477810936
2022-07-08,634063.0347457461,250990.91979142185,383072.1149543242
2022-07-09,672433.4654199242,237124.89595382186,435308.5694661024
2022-07-10,601483.1354060159,280318.1973765119,321164.93802950403
2022-07-11,576004.0471328521,307953.8763035316,268050.17082932056
2022-07-12,597057.6168197704,327195.26207682124,269862.3547429492
2022-07-13,623720.8987734338,284974.6682293018,338746.23054413195
2022-07-14,630694.561213339,366978.7183382956,263715.8428750434
2022-07-15,639867.8306649366,298942.08412838314,340925.74653655343
2022-07-16,645682.9306425019,263951.6923460696,381731.2382964323
2022-07-17,613310.2317949902,307976.7993528273,305333.43244216294
2022-07-18,605778.3439104063,388825.2946493102,216953.04926109617
2022-07-19,560483.8386485329,303243.49530822,257240.3433403129
2022-07-20,639285.1870556561,266857.21863131964,372427.96842433646
2022-07-21,640631.7635953221,210112.39917552832,430519.3644197938
2022-07-22,695615.5668362053,279677.0369235149,415938.5299126904
2022-07-23,608435.9252441869,308408.59224506014,300027.33299912675
2022-07-24,565155.6571434843,283958.76944656664,281196.8876969177
2022-07-25,627262.6746564565,226083.11511583114,401179.5595406253
2022-07-26,623115.345283591,270986.26354336453,352129.0817402264
2022-07-27,598240.1600689963,387726.9230443879,210513.23702460836
2022-07-28,598374.2979855397,385214.5832050592,213159.71478048043
2022-07-29,694387.5834518365,265020.3885676511,429367.1948841854
2022-07-30,680005.0960895965,336975.65336931613,343029.4427202804
2022-07-31,545739.7183468753,237733.5467521463,308006.17159472895
2022-08-01,595932.8330704493,360863.4670718666,235069.36599858268
2022-08-02,663604.2004873066,298747.25937617564,364856.94111113093
2022-08-03,615170.1780611832,332482.07493082667,282688.1031303565
2022-08-04,630507.3037244516,200730.79962233675,429776.5041021148
2022-08-05,640741.8058120158,324529.5080683633,316212.2977436525
2022-08-06,604913.7792679376,296278.4828064296,308635.296461508
2022-08-07,570179.0528908091,345934.2675488861,224244.785341923
2022-08-08,642214.847379776,355095.7369327734,287119.1104470026
2022-08-09,559349.2357659482,316803.7674922736,242545.4682736746
2022-08-10,637829.1024673705,284958.5180452043,352870.58442216617
2022-08-11,672781.9596375693,352499.34212751104,320282.6175100582
2022-08-12,606646.7007834512,306344.6220576249,300302.0787258263
2022-08-13,611771.5405127197,259698.56633296318,352072.9741797565
2022-08-14,658676.6049789877,250654.57441777186,408022.0305612158
2022-08-15,627584.0837741338,216789.43215650014,410794.65161763364
2022-08-16,597077.6758566005,260970.90900331078,336106.76685328974
2022-08-17,667437.3331145315,340134.6023037189,327302.73081081256
2022-08-18,683339.5506680564,295376.95696673496,387962.5937013214
2022-08-19,659213.9746505459,264159.26767596725,395054.7069745786
2022-08-20,613453.6898639494,336904.9828996593,276548.7069642901
2022-08-21,610836.6723326736,261713.98292317506,349122.6894094985
2022-08-22,621147.838595573,314119.8607445202,307027.97785105277
2022-08-23,610897.3062981328,304533.01438226056,306364.2919158722
2022-08-24,660497.4824703329,353956.5312794176,306540.95119091525
2022-08-25,602209.1606707374,234653.1144725614,367556.046198176
2022-08-26,607273.3920976766,266842.459737148,340430.9323605286
2022-08-27,646843.5341542216,221425.53105461813,425418.0030996035
2022-08-28,609452.7051322096,283682.3499001921,325770.35523201746
2022-08-29,594703.6819455682,351219.02815374034,243484.65379182785
2022-08-30,564472.3537069142,261213.10649878735,303259.2472081269
2022-08-31,633874.0465768214,259465.80309021747,374408.2434866039
2022-09-01,647478.6339435832,330071.68819067033,317406.9457529129
2022-09-02,672664.5715378051,344075.130894884,328589.44064292114
2022-09-03,644443.4889129673,292233.6326272155,352209.85628575174
2022-09-04,621179.8193087913,337573.5567118388,283606.2625969525
2022-09-05,649784.0635998001,255504.61998398305,394279.44361581706
2022-09-06,579098.9402882784,382413.24971480685,196685.69057347154
2022-09-07,650338.2519078918,422435.3146968526,227902.93721103924
2022-09-08,599885.7763493345,339575.3225779729,260310.45377136162
2022-09-09,628868.2497888178,205135.7659607411,423732.48382807674
2022-09-10,606955.4950502281,275426.30088945595,331529.19416077214
2022-09-11,649575.1218291533,327303.45207412203,322271.66975503124
2022-09-12,613470.6415978174,269573.5031138016,343897.1384840158
2022-09-13,619026.7661635359,350095.39469396835,268931.37146956753
2022-09-14,602003.4898201718,314407.86322179326,287595.6265983786
2022-09-15,641988.2905247986,251161.69194317388,390826.5985816247
2022-09-16,632074.0511991578,292260.8935106814,339813.15768847644
2022-09-17,655797.7635841413,251970.52495870105,403827.2386254402
2022-09-18,597343.0158152347,294208.5700887226,303134.4457265121
2022-09-19,656285.6836714201,281622.6850062532,374662.9986651669
2022-09-20,570123.354122191,372252.6230301883,197870.73109200265
2022-09-21,611968.7885879471,420800.6028415498,191168.18574639736
2022-09-22,702254.0148113568,241955.1163567488,460298.898454608
2022-09-23,642882.7519691593,213191.53271739377,429691.2192517656
2022-09-24,605806.657315972,291079.19291677536,314727.4643991967
2022-09-25,634606.8008609025,220741.4010492213,413865.39981168124
2022-09-26,603088.9895584207,292958.2331556652,310130.7564027555
2022-09-27,596273.5640519521,323932.27267176035,272341.29138019175
2022-09-28,604247.163347271,359707.09486334125,244540.0684839298
2022-09-29,735948.1117907411,296555.1949172276,439392.9168735135
2022-09-30,649349.2615120854,280989.89172963955,368359.3697824459
2022-10-01,588444.9005477075,197742.940162001,390701.96038570645
2022-10-02,673804.850864528,304647.0714686343,369157.7793958937
2022-10-03,636641.7880877631,312916.71005535364,323725.0780324095
2022-10-04,599314.5828994964,345462.3737291732,253852.2091703232
2022-10-05,610088.619120237,279575.59492354543,330513.0241966915
2022-10-06,674059.9916162986,291761.9030067435,382298.08860955504
2022-10-07,650447.1728025149,235452.23426267243,414994.93853984243
2022-10-08,589391.4909139322,188773.1736651425,400618.3172487897
2022-10-09,683569.6611420894,241237.33145081575,442332.3296912736
2022-10-10,606248.851177556,212131.36225946812,394117.48891808785
2022-10-11,668134.6320341531,303321.0817524943,364813.55028165877
2022-10-12,677394.1446293836,259093.29716665714,418300.8474627264
2022-10-13,624784.4255066572,259573.61047772432,365210.8150289329
2022-10-14,689809.3226676817,241427.0006633583,448382.3220043234
2022-10-15,628586.4530809622,135033.91436503324,493552.5387159289
2022-10-16,574910.3487094205,378753.3514467224,196156.99726269813
2022-10-17,607489.5241729595,259338.82088904153,348150.703283918
2022-10-18,636155.5091025574,292893.52952604083,343261.9795765166
2022-10-19,626117.9005601082,242255.39173553447,383862.5088245738
2022-10-20,646562.1657229775,362111.05019056797,284451.1155324095
2022-10-21,694079.5121942348,316523.7938797474,377555.71831448737
2022-10-22,652283.4530951648,262019.54974605184,390263.903349113
2022-10-23,606571.3210845796,277050.705423454,329520.6156611256
2022-10-24,642247.2829732328,374556.6490783627,267690.6338948701
2022-10-25,631115.555167485,282836.99538740003,348278.559780085
2022-10-26,565310.7600657258,275913.3231192047,289397.43694652105
2022-10-27,669583.1074734627,239416.3926745004,430166.7147989623
2022-10-28,672486.2961874485,195918.5954485035,476567.70073894504
2022-10-29,650651.1716834772,288660.2523116874,361990.91937178985
2022-10-30,659580.1919648069,319612.0696255747,339968.1223392322
2022-10-31,601973.469843007,364331.5702442642,237641.89959874284
2022-11-01,636239.1859330736,201089.70629355323,435149.4796395204
2022-11-02,594909.0270841551,258745.18364884856,336163.84343530657
2022-11-03,669904.1356718744,284477.4784907135,385426.6571811609
2022-11-04,720282.1299317509,309178.3045992207,411103.82533253025
2022-11-05,621160.7513316127,296086.1294329236,325074.6218986891
2022-11-06,610994.0146826738,290577.7517062921,320416.26297638175
2022-11-07,601803.7181956442,311052.45590061595,290751.26229502825
2022-11-08,631003.0431520847,241320.81144250825,389682.23170957644
2022-11-09,610985.624143155,331707.0721116847,279278.55203147023
2022-11-10,671287.7496402261,308158.0890664375,363129.6605737886
2022-11-11,688054.4415392182,274656.03976571513,413398.40177350305
2022-11-12,667995.7624188418,376707.58558510087,291288.17683374096
2022-11-13,581694.5199827543,381158.61578793265,200535.9041948216
2022-11-14,653918.115546738,355997.11478757154,297921.0007591665
2022-11-15,656183.0229152358,162586.6944901466,493596.32842508925
2022-11-16,668740.4576087442,393947.25463589875,274793.2029728454
2022-11-17,670794.4998487602,353252.4591421333,317542.0407066269
2022-11-18,670213.8267108864,409672.7789135279,260541.04779735854
2022-11-19,683895.9320686096,365211.04359602195,318684.8884725877
2022-11-20,693411.2914895895,375579.3198655201,317831.9716240694
2022-11-21,596430.775800624,334580.3954811386,261850.38031948544
2022-11-22,661364.6664710575,353920.1269137394,307444.539557318
2022-11-23,642208.0076077202,384706.18703672197,257501.82057099824
2022-11-24,656677.9449378162,297313.20390037366,359364.7410374426
2022-11-25,618471.1306828604,212036.1257682123,406435.0049146481
2022-11-26,645339.4719489453,281289.1409898977,364050.3309590476
2022-11-27,606746.8422320228,322835.0939785158,283911.74825350696
2022-11-28,612065.2609259803,313096.72624645807,298968.5346795222
2022-11-29,597034.2171934599,251186.43471056514,345847.7824828947
2022-11-30,632286.1730381445,233446.61874025105,398839.5542978934
2022-12-01,649343.7298975624,276456.3995867949,372887.3303107675
2022-12-02,668428.6030570747,349739.32482708886,318689.27822998585
2022-12-03,606399.5624752545,382354.802550493,224044.75992476154
2022-12-04,594258.150648303,342490.5666795404,251767.5839687626
2022-12-05,637797.2260426631,343519.01732782606,294278.20871483703
2022-12-06,607015.5693042902,282444.6883232857,324570.8809810045
2022-12-07,678948.2224740211,197895.87711470178,481052.34535931936
2022-12-08,669244.0363783047,263724.43793732836,405519.59844097635
2022-12-09,684687.7241196921,277709.43237849965,406978.29174119246
2022-12-10,698121.7320662108,271809.5616488712,426312.1704173396
2022-12-11,629291.274836055,306072.5572780758,323218.7175579792
2022-12-12,610664.1008678483,331423.33502252813,279240.76584532013
2022-12-13,658048.694493945,356165.2924307108,301883.4020632342
2022-12-14,662956.6397946024,301094.0067816833,361862.6330129191
2022-12-15,657824.939532803,218326.5627363068,439498.3767964962
2022-12-16,709187.5027317673,285208.4610633248,423979.0416684424
2022-12-17,650392.5372679754,305523.333858944,344869.2034090314
2022-12-18,640524.712426515,357802.5820973261,282722.13032918883
2022-12-19,629494.2856649533,262257.26086291426,367237.024802039
2022-12-20,604818.7041886152,312112.6484014342,292706.055787181
2022-12-21,650957.6986708922,299504.3949817716,351453.30368912057
2022-12-22,706306.5582589856,288680.49363763287,417626.06462135277
2022-12-23,681751.7172939633,337174.31893834786,344577.39835561544
2022-12-24,658650.6734647288,263620.1261530268,395030.5473117019
2022-12-25,635647.3889744589,274578.4915271692,361068.8974472897
2022-12-26,639742.5211017047,308757.3058731696,330985.21522853506
2022-12-27,656308.423999835,281507.20776385115,374801.2162359839
2022-12-28,667866.206022584,340400.61455273,327465.591469854
2022-12-29,655406.7111919615,277854.91780022957,377551.793391732
2022-12-30,679105.0197655702,320667.5574151378,358437.46235043235
2022-12-31,673075.8670168007,298329.1755700073,374746.6914467934
2023-01-01,611243.461893209,307408.48422949045,303834.9776637186
2023-01-02,635822.3305946141,267660.58321896713,368161.747375647
2023-01-03,569935.2126656774,269531.0522551225,300404.1604105549
2023-01-04,665023.9565001156,289800.4633998525,375223.49310026306
2023-01-05,686131.8527930903,296589.1922895293,389542.66050356097
2023-01-06,692746.8598254496,290437.55720256094,402309.3026228887
2023-01-07,647785.1733268547,381930.3038163089,265854.8695105458
2023-01-08,651689.6206793288,253800.96807228046,397888.65260704834
2023-01-09,674452.9338349275,306142.1572802451,368310.7765546824
2023-01-10,678146.3228130749,234833.08191268682,443313.2409003881
2023-01-11,650631.6683382695,333604.0739333693,317027.59440490016
2023-01-12,671460.0541876854,257752.2061996957,413707.84798798966
2023-01-13,704606.714503478,295436.8342340526,409169.8802694254
2023-01-14,615571.4225436659,284734.5977427792,330836.8248008867
2023-01-15,633684.8474578864,310706.742320714,322978.10513717245
2023-01-16,672760.3362443842,263008.10709486034,409752.22914952383
2023-01-17,665948.1537244689,256720.18209676488,409227.971627704
2023-01-18,663543.666754152,356792.8232042949,306750.84354985715
2023-01-19,623064.3972154701,300713.8065051902,322350.5907102799
2023-01-20,670740.9772797988,262595.1103710058,408145.86690879305
2023-01-21,643856.9252236205,284120.50240009365,359736.42282352684
2023-01-22,654267.1909323031,385605.5616228816,268661.62930942146
2023-01-23,609371.7261440238,297594.1031153263,311777.6230286975
2023-01-24,606879.3397342778,279050.7018609169,327828.6378733609
2023-01-25,591478.6992037366,280750.19249368034,310728.5067100563
2023-01-26,705852.4140342786,286058.2089690573,419794.2050652213
2023-01-27,661204.073037331,279627.4609065448,381576.6121307862
2023-01-28,667227.664731784,239355.42159188283,427872.2431399012
2023-01-29,645227.7844631505,240452.1811433069,404775.60331984365
2023-01-30,602588.0128086444,249181.63425405044,353406.378554594
2023-01-31,600837.998349659,316064.01790411863,284773.9804455404
2023-02-01,624224.1078639174,265938.1356363563,358285.97222756105
2023-02-02,648462.1244296831,276127.3825267614,372334.7419029217
2023-02-03,685154.279900626,354152.0542348637,331002.2256657623
2023-02-04,639600.6654246789,361412.5434875758,278188.12193710316
2023-02-05,698648.5510148042,289231.56685245736,409416.9841623468
2023-02-06,666384.465983843,277809.1714937105,388575.2944901325
2023-02-07,663819.6362926648,270293.01733485924,393526.61895780556
2023-02-08,651752.6986792285,349638.7884854119,302113.91019381664
2023-02-09,716544.5037757682,303279.1713424223,413265.3324333459
2023-02-10,668574.8276661673,290027.60251174174,378547.22515442554
2023-02-11,663493.2570152594,262654.5852524676,400838.67176279175
2023-02-12,652311.972369033,258178.86554008667,394133.1068289464
2023-02-13,657583.5302329386,306650.5625467821,350932.9676861565
2023-02-14,659634.9962823733,220713.55368710044,438921.4425952729
2023-02-15,642047.6115096735,334743.43468939693,307304.1768202766
2023-02-16,656085.1742309638,259793.23479071734,396291.93944024644
2023-02-17,695270.9894239523,283165.85575952963,412105.13366442267
2023-02-18,686847.101066211,229813.28808362767,457033.8129825833
2023-02-19,636371.1065414562,302719.51709722634,333651.58944422984
2023-02-20,589872.1010358732,292936.29989335267,296935.8011425205
2023-02-21,635267.175141624,311010.50307571265,324256.6720659113
2023-02-22,675966.047937376,388585.44491809455,287380.6030192814
2023-02-23,727196.3953159247,322399.4353080488,404796.96000787587
2023-02-24,641094.0659487599,269619.387820592,371474.6781281679
2023-02-25,653551.7700741463,267771.81848201633,385779.95159213
2023-02-26,637448.4375499705,326418.74528634397,311029.6922636265
2023-02-27,679120.807418761,355582.3175217906,323538.48989697034
2023-02-28,641397.3171177037,300581.3680190159,340815.94909868785
2023-03-01,630999.3813010255,319435.63722773845,311563.74407328706
2023-03-02,690753.6525205773,316972.3531482991,373781.2993722782
2023-03-03,665852.5533273396,361600.8736399951,304251.67968734447
2023-03-04,630576.1935679143,199182.67735435348,431393.5162135608
2023-03-05,623306.2492870366,336698.76097457064,286607.48831246595
2023-03-06,691426.8099780836,358539.1492230586,332887.660755025
2023-03-07,654930.7428905326,246578.3477117572,408352.3951787754
2023-03-08,662410.8838553582,270716.5907996792,391694.293055679
2023-03-09,667454.8860681502,270975.3955871286,396479.4904810216
2023-03-10,687715.0783017211,272912.8372090119,414802.24109270924
2023-03-11,676673.7942583172,279251.9614625688,397421.8327957484
2023-03-12,659813.4174611303,308792.326643403,351021.0908177273
2023-03-13,643809.8081633268,333931.38553048816,309878.42263283866
2023-03-14,670427.320499804,340551.31486989104,329876.00562991295
2023-03-15,660830.1166813925,243108.84694161091,417721.2697397816
2023-03-16,646572.4371855212,244250.3170463146,402322.12013920664
2023-03-17,661536.8304207202,356438.74497292994,305098.0854477902
2023-03-18,609855.0591831405,328999.382761587,280855.67642155354
2023-03-19,712811.7702057719,307481.0561027938,405330.7141029781
2023-03-20,667205.9973231639,333019.18080562854,334186.81651753536
2023-03-21,620420.1596063491,312024.3439259637,308395.8156803854
2023-03-22,652640.5449290463,341229.2341523807,311411.3107766656
2023-03-23,657763.2121354962,296711.1981932493,361052.0139422469
2023-03-24,727144.8375985589,322792.59374984284,404352.243848716
2023-03-25,627588.2091692934,227810.51149087056,399777.69767842285
2023-03-26,656400.4425986488,262272.971249383,394127.47134926583
2023-03-27,639026.428397226,256797.09413260146,382229.3342646246
2023-03-28,671086.3374910913,267765.9653211179,403320.37216997345
2023-03-29,658934.517688807,238674.33726101258,420260.1804277944
2023-03-30,625082.1441716149,259808.2856903095,365273.8584813054
2023-03-31,674293.7903276513,214926.9498522125,459366.8404754388
2023-04-01,641978.561668711,324097.20981039945,317881.35185831157
2023-04-02,656312.4513403716,299212.1380637756,357100.313276596
2023-04-03,686266.4788793704,224091.9666390804,462174.51224028994
2023-04-04,595057.3253524383,271773.03749120265,323284.2878612356
2023-04-05,639007.0165681393,331830.07137810835,307176.94519003097
2023-04-06,662206.5259673616,286363.43569924706,375843.0902681146
2023-04-07,671337.2966141172,274505.27402097674,396832.0225931405
2023-04-08,694306.1022397574,299608.1801589419,394697.92208081554
2023-04-09,649677.6365264266,313842.0627495674,335835.57377685927
2023-04-10,656674.1536649631,218830.03012016084,437844.12354480225
2023-04-11,629425.7954770421,313991.8910423577,315433.9044346844
2023-04-12,670870.3331022632,244985.33591963118,425884.997182632
2023-04-13,703080.1476167869,285589.0685689735,417491.0790478134
2023-04-14,661776.1470939901,288876.64593754284,372899.5011564473
2023-04-15,696501.980020385,270308.88007866545,426193.09994171956
2023-04-16,657414.0562246848,252154.82670280762,405259.2295218772
2023-04-17,676522.7832174064,295068.0196232678,381454.76359413855
2023-04-18,643115.293896275,394781.0484722959,248334.24542397907
2023-04-19,676368.8465041766,246916.24847681844,429452.5980273582
2023-04-20,679486.9358496884,398130.1839737804,281356.75187590794
2023-04-21,681817.6698344735,296366.28847405384,385451.3813604197
2023-04-22,681788.0533825456,305106.3848637763,376681.6685187693
2023-04-23,672906.0013491901,242326.6454214188,430579.3559277713
2023-04-24,608630.9327548079,252084.18213824506,356546.7506165628
2023-04-25,693125.8032727094,261339.98447956293,431785.8187931464
2023-04-26,610100.5197424083,232715.2514561044,377385.2682863039
2023-04-27,661119.6636174662,276039.56911291974,385080.0945045465
2023-04-28,682834.8696823331,270296.85838178085,412538.0113005522
2023-04-29,687349.7237179428,389201.2431124422,298148.48060550063
2023-04-30,705045.8572142739,245039.1047253216,460006.75248895225
2023-05-01,591328.039575364,314486.8728653102,276841.1667100538
2023-05-02,635844.8752660704,325906.8471136273,309938.02815244306
2023-05-03,603044.3104345129,261483.9725674081,341560.3378671048
2023-05-04,683571.5902365292,347855.9077911787,335715.68244535057
2023-05-05,694772.35344987,289435.99638379936,405336.35706607066
2023-05-06,723661.8210200913,178718.3314301913,544943.4895899
2023-05-07,662338.6283184256,329654.6665958838,332683.96172254183
2023-05-08,679356.4422149776,234800.6087670012,444555.8334479764
2023-05-09,669549.7156735223,234096.7196745091,435452.9959990132
2023-05-10,654750.7732679244,319395.1041446199,335355.66912330454
2023-05-11,641313.0127250493,269127.39286054065,372185.6198645086
2023-05-12,695830.8189732126,336536.2604996941,359294.5584735185
2023-05-13,632133.7923501823,357170.4907589211,274963.30159126123
2023-05-14,698534.7017813007,271091.3909932294,427443.3107880713
2023-05-15,644132.7293801907,349015.47182563203,295117.2575545587
2023-05-16,688848.8296822846,275741.4929488925,413107.3367333921
2023-05-17,654360.6902637007,426655.79585660883,227704.89440709184
2023-05-18,692606.2628304319,278866.68279197544,413739.5800384565
2023-05-19,694820.119854088,360656.71907588124,334163.4007782068
2023-05-20,676504.4334338049,345527.31530342373,330977.11813038116
2023-05-21,647657.6083089032,312466.57709610247,335191.0312128007
2023-05-22,661727.1771050001,257120.49490128548,404606.6822037146
2023-05-23,626167.5135420345,278915.592384393,347251.92115764157
2023-05-24,633442.9675284894,177320.5943527724,456122.373175717
2023-05-25,722784.4501477957,297706.4689005763,425077.98124721943
2023-05-26,711313.5979103995,308128.41952353815,403185.1783868614
2023-05-27,680791.4093417892,303337.15694372344,377454.25239806576
2023-05-28,711550.5692967037,154672.50544471617,556878.0638519875
2023-05-29,642879.4350987283,246070.5247733897,396808.9103253386
2023-05-30,694592.4121557863,276109.9838761026,418482.4282796837
2023-05-31,675952.1540546245,329582.9466594523,346369.2073951722
2023-06-01,655716.0249552879,327981.4783006855,327734.5466546024
2023-06-02,745898.6681063512,300841.1574293223,445057.51067702885
2023-06-03,709494.8905920341,335100.09083954315,374394.79975249094
2023-06-04,658924.5709996928,245350.06722551113,413574.50377418165
2023-06-05,673686.4425560812,321159.4032568197,352527.0392992615
2023-06-06,643759.1166457684,310222.57222345885,333536.54442230955
2023-06-07,696518.3066682246,303877.73664189555,392640.5700263291
2023-06-08,615685.0946086496,277383.4454271808,338301.6491814688
2023-06-09,660822.326451977,382184.84421368176,278637.48223829526
2023-06-10,710110.2616315099,321321.9704151485,388788.2912163614
2023-06-11,656024.4398929975,254921.0208466674,401103.4190463301
2023-06-12,659056.4777263132,321767.62081468053,337288.85691163264
2023-06-13,616425.5539118341,351138.7018722473,265286.85203958687
2023-06-14,728038.7495970902,285594.5700537845,442444.17954330565
2023-06-15,724092.2449882874,367978.1453650914,356114.09962319606
2023-06-16,686354.714021144,328454.0323136821,357900.6817074619
2023-06-17,669550.4977065906,186213.89712607826,483336.6005805123
2023-06-18,695361.1409917453,311645.78485755104,383715.35613419424
2023-06-19,713263.2264943079,270346.19525148306,442917.0312428248
2023-06-20,686400.8355592266,313344.4577085505,373056.3778506761
2023-06-21,738715.7238575137,332210.7420125907,406504.98184492305
2023-06-22,661664.7199144885,296243.5693385544,365421.1505759341
2023-06-23,668752.5697670295,373910.26466935314,294842.30509767635
2023-06-24,646982.0439804794,287726.84176247945,359255.2022179999
2023-06-25,678684.7337482283,334578.70516203885,344106.02858618944
2023-06-26,660016.1235929604,349599.47570974845,310416.64788321196
2023-06-27,654188.3982903152,308647.2345738996,345541.1637164156
2023-06-28,698798.3067889033,353938.7153988891,344859.5913900142
2023-06-29,727264.0220523748,283780.8836604281,443483.1383919467
2023-06-30,648523.206512977,288223.9260768208,360299.2804361562
2023-07-01,665700.0207946358,237713.3794925303,427986.64130210545
2023-07-02,690995.1261920291,308732.6418091591,382262.48438287
2023-07-03,641674.7606926608,306910.23676483624,334764.5239278246
2023-07-04,635759.6538133189,345448.6249104253,290311.02890289365
2023-07-05,706035.5748843048,324557.0002177942,381478.57466651057
2023-07-06,652568.065913807,272245.6891490924,380322.3767647146
2023-07-07,686204.5886674372,231738.6686054056,454465.9200620316
2023-07-08,694427.4065153988,318304.70611665427,376122.7003987445
2023-07-09,650135.1250606191,358875.4726300768,291259.6524305423
2023-07-10,680160.4949984028,347111.595718078,333048.89928032475
2023-07-11,643598.4309577312,367738.4092614004,275860.0216963308
2023-07-12,718696.9409677591,304405.52344008785,414291.41752767126
2023-07-13,688439.583190239,290183.5846097545,398255.99858048453
2023-07-14,716348.9911119201,272507.2794162907,443841.7116956294
2023-07-15,707907.7084403285,300542.99067866476,407364.7177616637
2023-07-16,649482.42650519,292732.6461922144,356749.7803129756
2023-07-17,596020.13296792,300981.5343990751,295038.59856884496
2023-07-18,672446.316963156,280020.59412968863,392425.72283346736
2023-07-19,679565.9106877163,278318.61351366143,401247.2971740549
2023-07-20,709845.6570519549,247650.764332856,462194.8927190989
2023-07-21,690373.9669488636,337728.6036496937,352645.36329916987
2023-07-22,673573.0629964119,300488.0891028408,373084.9738935711
2023-07-23,729521.7210265526,294615.61729508033,434906.1037314723
2023-07-24,614413.0116918624,271980.8843654203,342432.12732644205
2023-07-25,684601.062783757,246918.87749898163,437682.18528477533
2023-07-26,661118.108638057,380398.2096274672,280719.8990105898
2023-07-27,684056.4218020772,341246.4684251272,342809.95337695
2023-07-28,688615.6102527198,228156.45489938394,460459.1553533359
2023-07-29,663341.7698448851,341494.92904482776,321846.84080005734
2023-07-30,687363.1611137742,342786.2445023095,344576.9166114647
2023-07-31,701261.8455252736,296866.45908716606,404395.3864381075
2023-08-01,677641.8623798213,366391.0117690514,311250.8506107699
2023-08-02,682416.5283795103,295835.98210614413,386580.54627336614
2023-08-03,665495.4694709041,215644.29058400428,449851.17888689984
2023-08-04,714592.3573142604,308906.103024535,405686.25428972545
2023-08-05,753094.1911314912,308907.05107629136,444187.14005519985
2023-08-06,659764.5002024277,273172.9715704364,386591.52863199136
2023-08-07,649221.9343758071,338030.2888717529,311191.64550405415
2023-08-08,647667.6827225774,230131.26970899268,417536.4130135847
2023-08-09,665591.5455679079,364528.34137213946,301063.2041957684
2023-08-10,613688.6019432987,269608.44783826364,344080.15410503506
2023-08-11,712197.5650247876,260105.04077202958,452092.524252758
2023-08-12,663996.0409985633,297646.57539397135,366349.46560459194
2023-08-13,623836.3494621158,318310.8323928378,305525.517069278
2023-08-14,684056.0443579296,298843.8561517913,385212.1882061383
2023-08-15,632998.727210341,249352.50869284463,383646.21851749637
2023-08-16,671072.8050958118,259695.53544040557,411377.26965540624
2023-08-17,740999.7643987164,229833.34961259057,511166.4147861258
2023-08-18,658728.9336179697,279413.6578906252,379315.27572734456
2023-08-19,644343.5633608584,350413.24671620014,293930.3166446582
2023-08-20,681182.3328223295,303124.66712715,378057.6656951795
2023-08-21,696903.8708958523,352323.0597658541,344580.81112999824
2023-08-22,619187.9133392259,386284.59990484524,232903.3134343807
2023-08-23,694422.4729270331,285599.07404815167,408823.3988788814
2023-08-24,715395.3829714957,304185.8703657689,411209.51260572684
2023-08-25,640189.4971575248,417911.9900810062,222277.5070765186
2023-08-26,715235.454645593,375554.9846083411,339680.4700372518
2023-08-27,700360.2276403141,213041.95970003874,487318.2679402754
2023-08-28,654024.5868874497,310005.0687751641,344019.51811228564
2023-08-29,704947.4598497167,286513.4665984484,418433.99325126834
2023-08-30,717244.3521612516,326322.6555429381,390921.6966183135
2023-08-31,702017.8386537527,249236.52860721078,452781.3100465419
2023-09-01,689379.8540681343,248667.23437008614,440712.6196980482
2023-09-02,663054.4818404813,262858.65022597386,400195.8316145074
2023-09-03,673894.0500736483,274741.3866994235,399152.66337422485
2023-09-04,681429.825785846,350118.5553683305,331311.2704175155
2023-09-05,658610.6672591461,254454.47436109223,404156.1928980539
2023-09-06,618184.5588832342,283869.30500203406,334315.2538812001
2023-09-07,737944.6218291224,224063.91349346453,513880.7083356579
2023-09-08,709588.8165428194,359708.23819850036,349880.578344319
2023-09-09,681809.4878272503,366889.3189809012,314920.16884634906
2023-09-10,701694.6111169262,280308.51444746734,421386.09666945884
2023-09-11,711035.1201987914,275750.18473145785,435284.93546733353
2023-09-12,585237.5301153173,309146.5620956087,276090.96801970864
2023-09-13,698096.4026483457,358724.1003689128,339372.3022794329
2023-09-14,658042.6327771037,306916.0043596592,351126.6284174445
2023-09-15,719814.33920103,255770.55584836245,464043.7833526675
2023-09-16,697994.9429083861,215721.05739133197,482273.8855170541
2023-09-17,696010.5593670293,247581.50087617047,448429.0584908589
2023-09-18,651277.4379790592,313013.3195435028,338264.11843555636
2023-09-19,614056.5779549683,280748.15685849637,333308.42109647195
2023-09-20,672516.3515225766,324748.3852995379,347767.96622303873
2023-09-21,714006.4422651964,285868.33220672497,428138.1100584714
2023-09-22,736261.6979669066,256445.02546316,479816.6725037466
2023-09-23,659961.0919325583,244486.23243669095,415474.8594958674
2023-09-24,708709.4804895929,374779.9114593168,333929.5690302761
2023-09-25,647777.6018340914,335097.04043130134,312680.56140279
2023-09-26,682086.1818669675,373011.3645728619,309074.8172941056
2023-09-27,671689.4827838917,311997.54503775516,359691.93774613657
2023-09-28,708225.0361519575,264985.896550722,443239.13960123545
2023-09-29,733515.1612533482,356814.69909661484,376700.4621567334
2023-09-30,659264.5127376675,295008.78592256695,364255.7268151006
2023-10-01,658459.3948905868,314379.90252386214,344079.4923667247
2023-10-02,673721.5522533387,307211.1280741047,366510.424179234
2023-10-03,744219.099359631,166169.32205433527,578049.7773052957
2023-10-04,662049.514114449,395236.75061474263,266812.7634997064
2023-10-05,764922.8380100881,338064.7303164245,426858.10769366357
2023-10-06,767850.4354360832,325843.50007130636,442006.9353647769
2023-10-07,694114.5046448694,300249.0108958184,393865.49374905095
2023-10-08,670870.9001165843,304833.5770099622,366037.3231066221
2023-10-09,648369.6227827244,260783.70617980714,387585.9166029173
2023-10-10,671084.4177283291,317314.43459682766,353769.9831315014
2023-10-11,646702.5266122512,219645.08278004336,427057.4438322078
2023-10-12,702390.5550201541,295788.8886049912,406601.6664151629
2023-10-13,753583.048650944,318726.32650067285,434856.7221502712
2023-10-14,679660.191401201,286728.7292995099,392931.46210169105
2023-10-15,673552.6508924951,321881.2036328971,351671.44725959795
2023-10-16,619056.2686242372,259785.62741616787,359270.6412080693
2023-10-17,685311.2603918321,265223.1944737384,420088.0659180937
2023-10-18,697797.4642471678,326835.8560513197,370961.6081958481
2023-10-19,707547.7004423339,347442.0157495888,360105.68469274516
2023-10-20,703130.7330383422,215609.0642527956,487521.6687855466
2023-10-21,690168.9098219182,329438.84576488344,360730.0640570348
2023-10-22,696790.2911327803,269502.1109718391,427288.18016094115
2023-10-23,670184.8889141838,281007.3486067478,389177.540307436
2023-10-24,684497.4580041466,219509.57080321238,464987.88720093423
2023-10-25,697271.4023318562,242419.1379906646,454852.2643411916
2023-10-26,740298.3523718225,334791.7332579793,405506.6191138432
2023-10-27,730904.2715758472,292290.82167112944,438613.44990471774
2023-10-28,705696.406789187,277523.2659051768,428173.1408840102
2023-10-29,728244.8491509148,297513.3963777922,430731.45277312264
2023-10-30,684616.3469431294,333812.9382610952,350803.40868203423
2023-10-31,715156.0866307907,335539.2578267033,379616.8288040874
2023-11-01,709989.100169403,311248.64998015994,398740.45018924307
2023-11-02,652296.865500592,368162.48856336984,284134.3769372222
2023-11-03,750698.3956637646,357875.4788732147,392822.9167905499
2023-11-04,704924.7428445509,324006.4154658652,380918.32737868564
2023-11-05,682092.4492139156,299392.7751361598,382699.67407775583
2023-11-06,681407.6456057081,323513.7077280956,357893.93787761254
2023-11-07,666616.6152179522,302198.8380715236,364417.7771464286
2023-11-08,699550.5918390653,338040.00359029736,361510.58824876795
2023-11-09,690757.0599878316,331463.5358183782,359293.5241694534
2023-11-10,750740.424635805,239734.9579012321,511005.4667345729
2023-11-11,698420.7163052246,242364.02745357077,456056.68885165383
2023-11-12,673132.4811688553,268275.3367891398,404857.14437971555
2023-11-13,646178.3248190318,358159.2815312272,288019.0432878045
2023-11-14,685988.2878607151,234699.083179974,451289.20468074107
2023-11-15,699311.8431407383,334737.8694553997,364573.9736853386
2023-11-16,721124.9844980411,331641.6875731846,389483.2969248565
2023-11-17,682653.6043582081,367484.74996218993,315168.8543960182
2023-11-18,654751.8278591024,312354.7485425401,342397.0793165623
2023-11-19,704336.6396353105,229501.71646145987,474834.92317385064
2023-11-20,719424.2592564943,242679.90493971278,476744.35431678157
2023-11-21,648093.3096241478,227385.69088657253,420707.6187375753
2023-11-22,742340.7727534251,258102.801683343,484237.97107008204
2023-11-23,718948.481959396,277340.3886102671,441608.09334912896
2023-11-24,714218.1779564272,232375.5766610654,481842.6012953618
2023-11-25,691819.7070366616,370195.2855232702,321624.42151339137
2023-11-26,644992.2640869573,237073.74541172123,407918.5186752361
2023-11-27,705475.7629875261,376657.518221005,328818.24476652115
2023-11-28,656574.6315623053,372772.68459050317,283801.9469718021
2023-11-29,672222.2380840348,359915.12748445175,312307.110599583
2023-11-30,741147.843603502,278826.20264369913,462321.6409598029
2023-12-01,658899.4658023884,326474.89098672563,332424.57481566275
2023-12-02,658997.1377225834,239469.25733181517,419527.8803907682
2023-12-03,686942.68147405,342207.5377423427,344735.14373170736
2023-12-04,685601.3444895239,286948.41389530705,398652.93059421686
2023-12-05,695343.7659540898,266019.4562521297,429324.3097019601
2023-12-06,687521.3876638684,223812.75766718655,463708.6299966818
2023-12-07,788260.0484757329,162610.1610500124,625649.8874257205
2023-12-08,709511.0965491544,238720.61012033155,470790.48642882286
2023-12-09,698740.3915891321,352302.0957713008,346438.29581783136
2023-12-10,664536.0128244656,283196.1425856044,381339.87023886124
2023-12-11,681478.9202245986,300885.90417212836,380593.01605247025
2023-12-12,700209.467586017,346292.2509329594,353917.2166530576
2023-12-13,733641.5882113439,405283.44390581327,328358.1443055306
2023-12-14,668629.3345928673,379764.76576581795,288864.56882704934
2023-12-15,709926.9172710485,260735.59683707272,449191.3204339758
2023-12-16,720023.9885860776,206209.2854374744,513814.7031486032
2023-12-17,707016.2430363075,414642.89894566074,292373.3440906468
2023-12-18,678917.0795726917,404097.23355509207,274819.84601759963
2023-12-19,698992.2538201628,295908.1468029282,403084.10701723467
2023-12-20,674224.2338971591,221475.58772090892,452748.6461762502
2023-12-21,761003.9296052104,334646.7936761601,426357.13592905033
2023-12-22,748044.5246206905,285248.4686714886,462796.0559492019
2023-12-23,667233.9507594375,291013.1298353246,376220.8209241129
2023-12-24,658110.3296645582,348060.7561646008,310049.5734999574
2023-12-25,648271.8714449375,326071.08437154535,322200.7870733922
2023-12-26,704017.5379706844,254223.7874677886,449793.75050289574
2023-12-27,660910.2218019932,298762.9032459013,362147.3185560919
2023-12-28,705294.9407190089,346572.1794516035,358722.7612674054
2023-12-29,732865.7175334011,334864.95814813336,398000.75938526774
2023-12-30,706555.710444589,316438.6427272688,390117.0677173202
2023-12-31,699088.9506890273,343333.33371444745,355755.61697457987
